MARCA,MODELO,LINK,CALIDAD,Revisor,Re-revisor,Review Quality OK?,EXPLICACION,COMPOSICIÓN,ILUMINACIÓN,ENFOQUE,EXPOSICIÓN,COLOR,ANGULO,CONTEXTO,EDICION,ENCUADRE,CALIDAD DE IMAGEN
Ford,,https://www.coches.net/ford-puma-10-ecoboost-125cv-titanium-design-mhev-5p-electrico-hibrido-2022-en-madrid-60209211-covo.aspx,MUY BIEN,Rubén ,Lautaro ,OK,"Muchas fotos, buen detalle, luz correcta tanto en el exterior como en el interior.",Las fotos son diversas y estan bien encuadradas ya que se pueden ver muchos angulos del coche,La iluminación es correcta tanto dentro como fuera del coche,El enfoque es bueno no hay fotos borrosas,La exposicion tambien es buena porque no hay fotos quemadas ni muy oscuras,El color en la imagen es bueno y no presenta errores de saturacion ,Las fotos cubren muchos angulos del coche y no estan desviados ,Venta de coches,Las imagenes no poseen signos de edicion aunque igual si han usado recortes y tambien esta la marca de agua,Las imagnes estan bien encuadraadas ya que muestran correctamente el coche sin dejar ninguna foto a la mitad,La imagen posee una buena calidad aunque podria ser algo mejorable
Ford,,https://www.coches.net/ford-puma-10-ecoboost-125cv-titanium-design-mhev-5p-electrico-hibrido-2022-en-madrid-60142828-covo.aspx,BIEN,Adrian,Lautaro ,OK,"Muchas fotos, buena calidad de ellas, bien iluminadas y muestra el coche entero en buena calidad, ciertos aspectos mejorables.","Mejorable, en algunas fotos el encuadre podria ser mas centrado y simetrico para resaltar mejor las lineas y las caracteristicas del vehiculo","Bien iluminadas, se ven todos los detalles sin sombras molestas ni sobreeexposicion","Buen enfoque, las imagenes son claras y enfocadas haciendo que se vea bien el estado del coche",Las fotos no se ven sobreexpuestas asi que la exposicion es suficientemente buena,El color esta bien representado en general especialmente en exteriores con luz natural sin embargo hay ligeras variaciones en algunas tomas interiores donde la iluminación artificial tiende a amarillear la pintura.,Fotos desde la mayor parte de angulos disponibles mostrando correctamente el vehiculo,Venta de coches,"No hay indicios de una edicion digital agresiva, por lo que la edicion de la imagen es correcta","Encuadre mejorable, mas centrado y simetrico a poder ser","Las imagenes poseen una calidad media-buena viendo correctamente el vehiculo, alguna foto mejorable."
Ford,,https://www.coches.net/ford-puma-10-ecoboost-125cv-titanium-mhev-5p-electrico-hibrido-2021-en-madrid-60185102-covo.aspx,BIEN,Ramón ,Lautaro ,OK,"Muchas fotos, mostrando el coche completo.",Las fotos abarcan la totalidad del coche desde los diferentes angulos,La luz es homogenea y agradable a la vista,Estan bien enfocadas tanto en los planos generales como detalle,"Tienen una buena exposicion, sin provocar partes quemadas ni muy oscuras",No hay saturación en las fotos,Son angulos buenos y abarcan todo el coche,Venta de coches,No parecen estar editadas salvo por la marca de agua,Son encuadres adecuados y muestran las partes importantes del coche,Son de buena calidad
Ford,,https://www.coches.net/ford-puma-10-ecoboost-125cv-stline-design-mhev-5p-electrico-hibrido-2022-en-madrid-60142832-covo.aspx,MUY MALA,Santiago,Ruben,OK,"Solo una foto, el panel de luces.",Plano detalle,"Luz heterogénea, se distinguen las sombras.","Bien enfoquado, el fondo y el panel de control de luces se distinguen","La exposición es buena, no se encuentran brillos ni sombras duras",El color se contasta entre azul y gris oscuro,"Angulo bueno, se muestra el panel",Venta de coches,Marca de agua ,"Encuadre bueno, centrado al panel",Buena calidad
Ford,,https://www.coches.net/ford-puma-10-ecoboost-125cv-stline-mhev-5p-electrico-hibrido-2022-en-madrid-60170282-covo.aspx,BIEN,Alejandro,Ramón,OK,"Buenas fotos, buena iluminación y detalladas.",Foto rectas y explicativas bien enfocadas,Luz homogénea y constante,buen enfoque no borroso,Tiene una buena exposición no está quemada,No tiene errores de saturación,buen angular el cual muestra todo el coche,Venta de coche,No se aprecian rastros de edición o correctores de luz,El coche aparece siempre en la cámara sin ser recortado,buena
Ford,,https://www.coches.net/ford-focus-10-ecoboost-mhev-92kw-stline-5p-electrico-hibrido-2022-en-madrid-60384241-covo.aspx,MUY MALA,Alejandro,Ruben,OK,El anuncio no posée fotos.,No hay fotos,No hay fotos,No hay fotos,No hay fotos,No hay fotos,No hay fotos,Venta de coches,No hay fotos,No hay fotos,No se puede calificar
Ford,,https://www.coches.net/ford-focus-10-ecoboost-mhev-92kw-stline-5p-electrico-hibrido-2022-en-madrid-60547165-covo.aspx,BIEN,Ruben,Ramón,OK,"Bastantes fotos, iluminación algo mejorable, buenos ángulos.",Las fotos son diversas y muestran varios puntos del coche,"La iluminación exterior en la mayoria de fotos es buena pero en las dos finales se nota el exceso de luz, respecto a la luz interior esta bien",Las fotos estan bien enfocadas no hay ninguna borrosa,Hay algo de exceso de exposicion en las dos ultimas fotos pero en el resto es correcto,El color del coche se muestra bien representado ya que no hay problemas de saturacion,Los angulos son buenos y muestran todas las partes del coche,Venta de coches,Marca de agua el resto bien,El encuadre es bueno y enseña lo principal de manera correcta,La calidad es normal
Ford,,https://www.coches.net/ford-focus-10-ecoboost-mhev-92kw-active-x-5p-electrico-hibrido-2021-en-madrid-60179671-covo.aspx,BIEN,Lautaro,Ruben,OK,20 fotos bien tomadas y con diversos planos detalle.,5 planos generales y 15 planos detalle,iluminación correcta ligeramente apagada de los laterales del coche,"Ligero desenfoque en algunas fotos de plano detalle, resto de fotos con correcto enfoque","Exposicion correcta ligeramente sobre expuesto en algunas fotos, visibilidad homogénea ",Colores ligeramente saturados pero bien visibles,"Angulos en plano detalle un poco cerrados e inclinados, angulos exteriores bien estabilizados",Foto en espacio interior con iluminación superior,"Ligera, efecto desenfoque en una foto en particular",Apenas desencuadrado hacia los lados,"Calidad optima, fotos detalle buena calidad"
Ford,,https://www.coches.net/ford-focus-10-ecoboost-mhev-92kw-stline-5p-electrico-hibrido-2022-en-madrid-60290296-covo.aspx,BIEN,Ramón,Alejandro,OK,Las fotos están bien tomadas y muestran el coche en su totalidad.,Son fotos diversas que muestran todo el coche,La luz ilumina el coche de forma adecuada,Estan bien enfocadas,La exposicion es adecuada y no genera zonas quemadas,No se adivinan variaciones en el color,son buenos angulos,Venta de coches,No parecen estar editadas salvo por la marca de agua,El encuadre deja ver todo el coche,Son de buena calidad
Ford,,https://www.coches.net/ford-puma-10-ecoboost-125cv-stline-mhev-5p-electrico-hibrido-2023-en-madrid-60128290-covo.aspx,MUY BIEN,Adrian,Santiago ,OK,"22 fotos mostrando todo del coche y todas ellas cuentan con una buena composición, iluminación, enfoque y mas características.","Variedad de angulos, la mayoria de imagenes estan bien encuadradas y el fondo de estas es bueno tambien siendo neutro y atrayendo la atencion simplemente al vehiculo","Uniforme y natural, buena iluminación",Imagenes claras y nitidas con una adecuada profundidad de campo para enfocar correctamente el vehiculo,"Todas las zonas bien iluminadas, sin sobreexposicion y viendo todos los detalles correctamente","Saturacion adecuada, los colores del coche y de su entorno se muestran de manera precisa",Fotos desde muchos angulos haciendo posible la vista del coche totalmente correcta,Venta de coches,"No parecen estar editadas de mas, asi que la edicion parece ser correcta","Bien encuadradas la gran mayoria, muy pocas con ligeros aspectos mejorables",Buena calidad
Ford,,https://www.coches.net/ford-puma-10-ecoboost-125cv-titanium-design-mhev-5p-electrico-hibrido-2022-en-madrid-60185098-covo.aspx,BIEN,Alejandro,Santiago ,OK,Muchas fotos bien detalladas y con buena iluminación.,Son foto que muestran al completo el coche y sus mandos,Bien iluminado en interior y exterior,Bien enfocado,Las fotos no están quemadas,No hay saturación excesiva,Fotos desde angulos buenos,Venta de coche,No parece estar editada,El coche está bien centrado,Están bien detalladas y sin problemas de ilumiunación
Ford,,https://www.coches.net/ford-puma-10-ecoboost-125cv-stline-mhev-auto-5p-electrico-hibrido-2023-en-madrid-60253517-covo.aspx,BIEN,Santiago,Lautaro,OK,"Muchas fotos, muestra el interior y exterior de la carrocería.",Son 5 planos generales y 15 planos detalle,"Luz artifical, hetereogénea","Bien enfocado, se dejan margenes adecuados",Exposición buena,El color se representa correctamente,"Se presenta de distintos angulos, enseñando el lateral, frontal y opuesta del coche.",Venta de coche,Marca de agua y con etiqueta ECO,Encuadre centrado al coche,Buena calidad
Ford,,https://www.coches.net/ford-puma-10-ecoboost-125cv-stline-x-mhev-5p-electrico-hibrido-2023-en-madrid-60547163-covo.aspx,MUY BIEN,Alejandro,Ramón,OK,Muchas fotos con buena iluminación.,Fotos diversas y detalle de los mandos del coche,Luz homogénea y constante en el interior y exterior,Bien enfocada sin partes borrosas,Buena exposición,No hay sobresaturación,Buen angular de distintas partes del coche,Venta de coches,No está editada,El coche no está recortado en el plano,Buena
Ford,,https://www.coches.net/ford-kuga-stline-15-ecoboost-110kw-150cv-5p-gasolina-2020-en-madrid-60142831-covo.aspx,BIEN,Ramón,Ruben,OK,Las fotos estan bien tomadas y muestran el coche en su totalidad.,Las fotos abarcan la totalidad del coche desde los diferentes angulos,Tiene una luz homogénea,Estan bien enfocadas tanto en los planos generales como detalle,"Tienen una buena exposicion, sin provocar partes quemadas ni muy oscuras",No se aprecian desviaciones de color,Fotos desde muchos angulos haciendo posible la vista del coche totalmente correcta,Venta de coches,No parecen estar editadas salvo por la marca de agua,El encuadre deja ver todo el coche,Fotos de buena calidad
Ford,,https://www.coches.net/ford-kuga-titanium-15t-ecoboost-110kw-150cv-5p-gasolina-2022-en-madrid-60174655-covo.aspx,BIEN,Ruben,Ramón,OK,"Muchas fotos, tomadas desde varios ángulos y bien iluminadas.",Fotos desde distintos planos que abarcan todos los puntos del coche,Luz homogénea que es correcta tanto en el exterior como en el interior,Las distintas fotos estan bien enfocadas,La exposicion en las fotos es buena no hay ninguna quemada o muy oscura,Las imagenes no presentan saturacion y se aprecian bien los colores,El coche se puede ver de casi todos los angulos echando quizas en falta uno de los lados del coche,Venta de coches,No presenta edicion aparte de la marca de agua,Las imagenes estan bien encuadradas y  se pueden ver bien las imagenes,Buena calidad de las imagenes con buen detalle
Ford,,https://www.coches.net/ford-puma-10-ecoboost-155cv-stline-x-mhev-5p-electrico-hibrido-2023-en-madrid-60185099-covo.aspx,REGULAR,Lautaro,Ruben,OK,19 fotos mejorables .,"5 fotos generales, 14 plano detalle, algunas tomadas con movil","Iluminación superior ligera, sombras pronunciadas","Buen enfoque en la mayoria de fotos, reflejo del fotgrafo en fotos detalle",Ligeramente sobreexpuesto en fotos detalle,Colores calidos ligeramente tenues,"Angulos exteriores correctos, angulos interiores ligeramente inclinados y cerrados",Foto en espacio interior con iluminación superior ligera,No posee edicion alguna,Fotos detalle ligeramente desencuadradas hacia los lados,"Calidad general buena, fotos detalle mejorables al ser tomados con camara de fotos y no con un movil"
Ford,,https://www.coches.net/ford-puma-10-ecoboost-155cv-stline-x-mhev-5p-electrico-hibrido-2023-en-madrid-60185101-covo.aspx,REGULAR,Adrian,Alejandro,OK,19 fotos mejorables en general.,"5 fotos generales, 14 planos detalle","Buena iluminación en las fotos exteriores, mejorable en las interiores",La mayoria de fotos muestran un buen enfoque menos en las interiores que el enfoque es mas deficiente,"La exposición varía entre las imágenes. Algunas están bien iluminadas, mientras que otras presentan zonas sobreexpuestas o subexpuestas","El color se aprecia de manera correcta en las fotos exteriores sin embargo en algunas interiores, la iluminación impide la correcta percepcion del color","Angulos buenos en general, los interiores mejorabels.",Venta de coches,No presentan edicion detallada.,"Mayormente bueno, algunas fotos interiores mal encuadradas",Calidad general buena 
Ford,,https://www.coches.net/ford-kuga-stline-15-ecoblue-88kw-120cv-5p-diesel-2022-en-madrid-60179680-covo.aspx,MUY MALA,Alejandro,Alejandro,OK,El anuncio no poseé fotos.,No hay fotos,No hay fotos,No hay fotos,No hay fotos,No hay fotos,No hay fotos,Venta de coches,No hay fotos,No hay fotos,No se puede calificar
Ford,,https://www.coches.net/km-0/ford/focus/madrid/active-10t-ecoboost-mhev-92kw-125cv-electrico-hibrido-de-km0-59960202-kovn.aspx,BIEN,Ruben,Lautaro,OK,"Bastantes fotos, la iluminación y el color fallan en general en distintas fotos.",21 fotos tomadas por varias zonas del coche,Luz no homogénea que en el exterior del coche hace que se quemen algunas zonas(en las ultimas) y que en el interior crea zonas muy oscuras,Buen enfoque,Hay mucha exposicion en algunas fotos del final y poca en las de interior,Se aprecia saturacion en algunas,los angulos tomados son buenos,Venta de coches,No presenta edicion aparte de la marca de agua,Buen encuadre general de las fotos permite ver bien,Caalidad algo mediocre
Ford,,https://www.coches.net/km-0/ford/tourneo-courier/madrid/10-ecoboost-92kw-125cv-titanium-gasolina-de-km0-60048858-kovn.aspx,BIEN,Ramón,Ruben,OK,"Muchas fotos, mostrando el coche completo.",Son fotos diversas que muestran todo el coche,La luz es homogénea y agradable a la vista,Tienen un buen enfoque que deja ver los detalles,La exposicion no genera quemados ni sombras excesivas,No se aprecia variacion  de color,Son angulos buenos y abarcan todo el coche,Venta de coches,No parecen estar editadas salvo por la marca de agua,Son encuadres adecuados y muestran las partes importantes del coche,Son de buena calidad
Ford,,https://www.coches.net/km-0/ford/focus/madrid/10-ecoboost-92kw-active-gasolina-de-km0-60179668-kovn.aspx,BIEN,Santiago,Ramón,OK,"Muchas fotos, se muestra el interior y exterior.","5 fotos generales, 16 planos detalle","Luz homogénea, no hay sombras duras ni brillos","Enfoque mejorable, el coche debe destacar sobre el fondo",Exposición correcta,"El color del coche se representa bien, no hay saturación del color","Angulos buenos, se muestra la parte frontal, lateral y opuesta del coche.",Venta de coches,Marca de agua y con etiqueta ECO,"Encuadre bueno, el coche y sus paneles se encuentran centrados",Calidad buena pero tener en cuenta con el enfoque
Ford,,https://www.coches.net/km-0/ford/tourneo-courier/madrid/10-ecoboost-92kw-125cv-titanium-gasolina-de-km0-60547161-kovn.aspx,MUY MALA,Alejandro,Alejandro,OK,El anuncio no poseé fotos.,No hay fotos,No hay fotos,No hay fotos,No hay fotos,No hay fotos,No hay fotos,Venta de coches,No hay fotos,No hay fotos,No se puede calificar
Ford,,https://www.coches.net/km-0/ford/focus/madrid/stline-x-10t-ecoboost-mhev-92kw125cv-electrico-hibrido-de-km0-60561420-kovn.aspx,BIEN,Lautaro,Ramón,OK,19 fotos bien tomadas.,5 fotos generales y 14 plano detalle,"Buena iluminación general, sombras laterales ligeras","Buen enfoque en todas las fotos, reflejo apreciable en fotos detalle","Exposicion correcta, ligeramente sobreexpuesto en fotos detalle",Colores correctos en saturacion y tono,Angulos generales y detalle ligeramente inclinados,Foto en un espacio interior bien iluminado,No se ve una edicion aparente,Encuadres correctos,"Calidad general buena, fotos detalle mejorables al ser tomados con camara de fotos y no con un movil"
Ford,,https://www.coches.net/km-0/ford/focus/madrid/active-10t-ecoboost-mhev-92kw-125cv-electrico-hibrido-de-km0-60209190-kovn.aspx,REGULAR,Alejandro,Santiago,OK,"Fotos, bien iluminadas pero ligeramente torcidas.",Muchas fotos generales en el exterior y detalladas en el interior ,Iluminación homogénea,Un poco borrosas,Exopsición buena,No hay colores saturados,Buen angular para mostrar el cochee,Venta de coches,No presenta ediciñon,Un poco torcido en la foto del malatero,Regulares por estar toecidas y un poco borrosas
Ford,,https://www.coches.net/ford-kuga-stline-x-25-duratec-phev-165kw-auto-5p-electrico-hibrido-2023-en-madrid-60561422-covo.aspx,BIEN,Ramón,Santiago,OK,Las fotos están bien tomadas y muestran el coche en su totalidad.,Se ve el coche desde todos sus angulos,La luz ilumina el coche de forma adecuada,Estan bien enfocadas tanto en los planos generales como detalle,La exposicion es adecuada y no genera zonas quemadas,No se aprecian desviaciones de color,Fotos desde muchos angulos haciendo posible la vista del coche totalmente correcta,Venta de coches,No parecen estar editadas salvo por la marca de agua,El encuadre deja ver todo el coche,Fotos de buena calidad
Ford,,https://www.coches.net/ford-kuga-stline-x-15t-ecoboost-110kw-150cv-5p-gasolina-2022-en-madrid-60179751-covo.aspx,BIEN,Ruben,Alejandro,OK,Las fotos son diversas pero fallan en la iluminación y exposición.,"Muchas fotos (23), que muestran varios planos del coche",la iluminación no es homogénea y varia a lo largo de las fotos tanto en el interior como en el exterior,El enfoque de las fotos es buena no hay borrorsas,La exposicion varia a lo largo de las imagenes y se ven muchas con bastante luz y algunas en el interior con muy poca luz,El color se pierde un poco en algunas fotos,Los angulos son correctos en genral,Venta de coches,No parecen editadas mas alla de la marca de agua,El encuadre es bueno en su mayoria,Fotos de calidad media
Ford,,https://www.coches.net/ford-kuga-stline-25-duratec-phev-165kw-auto-5p-electrico-hibrido-2023-en-madrid-60179679-covo.aspx,BIEN,Alejandro,,OK,Fotos muy buenas pero le faltan un poco de iluminación.,"Pocas fotos, pero bien explicativas y detalladas","Luz homogena,tanto en exterior e interior",Buen enfoque,Le falt aun poc o de exposición excepto en la del maletero,No se nota saturación,Buen angular ,Venta de coches ,No parece estár editadas,Bien encuadrado el coche,Fotos de buena calidad
Ford,,https://www.coches.net/ford-kuga-vignale-25-duratec-phev-165kw-auto-5p-electrico-hibrido-2022-en-madrid-59928298-covo.aspx,MUY MALA,Ramón,Lautaro,OK,No hay fotos en el anuncio.,No hay fotos,No hay fotos,No hay fotos,No hay fotos,No hay fotos,No hay fotos,No hay fotos,No hay fotos,No hay fotos,No hay fotos
Ford,,https://www.coches.net/ford-s-max-20-tdci-panther-110kw-titanium-aut-5p-diesel-2021-en-madrid-60185097-covo.aspx,MUY BIEN,Lautaro,Ramón,OK,19 fotos bien tomadas.,5 fotos generales y 14 plano detalle,iluminación correcta en todas las fotos,Todas las fotos bien enfocadas,Buena exposición,Colores bien nivelados en saturacion y tono,Angulos estables ,Foto en un espacio interior bien iluminado,No se ve una edicion aparente,"Encuadre correcto, solo una foto general el coche se va del cuadro ligeramente","Muy buena calidad general, mejorable en la foto del maletero"
Ford,,https://www.coches.net/ford-kuga-stline-x-25-duratec-fhev-auto-5p-electrico-hibrido-2022-en-madrid-60179681-covo.aspx,BIEN,Ramón,Ruben,OK,Muchas fotos buenas que muestran todo el coche.,Fotos diversas y detalle de los mandos del coche,Tiene una luz homogénea en el exterior pero algunas interiores estan algo oscuras,Estan bien enfocadas sin borrosidad,En general tienen buena exposicion salvo por algunas interiores,No se aprecian desviaciones de color,Son angulos buenos y abarcan todo el coche,Venta de coches ,No parecen estar editadas salvo por la marca de agua,El encuadre deja ver todo el coche,Fotos de buena calidad
Ford,,https://www.coches.net/ford-transit-connect-van-15l-ecoboost-phev-110kw-trend-l2-at-4p-electrico-hibrido-2025-en-madrid-59920437-fuvivo.aspx,REGULAR,Ruben,Alejandro,OK,Varias fotos que dejan ver bien el coche aunque falla la luz.,!8 fotos tomadas con detalle en varios angulos,Su luz no es homogénea y es excesiva a partir de la 8,El enfoque es bueno no hay fotos borrosas,La exposicion es mala en algunas fotos dejandola amarilla,Debido a la alta exposicion genera color amarillo en algunas fotos,Buenos angulos que dejan ver bien las fotos,Venta de coches,No posee signos de edicion aparte de la marca de agua,El encuadre de las imagenes no es malo,Fotos de calidad media
Ford,,https://www.coches.net/ford-kuga-stline-25-duratec-phev-178kw-auto-5p-electrico-hibrido-2024-en-madrid-60179678-covo.aspx,REGULAR,Alejandro,Lautaro,OK,"Pocas fotos, de calidad regular.",Aunque estén detalladas hay fotos en las que la luz no es la mejor,Luz homogénea ,Buen enfoque,Un poco sobreexpuesta en la primera foto,No parece saturada,Buenos ángulos,Venta de coches,No poseé signos de edición,Bien encuadrado el coche,Fotos de calidad medio 
Ford,,https://www.coches.net/ford-focus-st-23-ecoboost-206kw-280cv-5p-gasolina-2024-en-madrid-60561421-covo.aspx,REGULAR,Ramón,Ruben,OK,Las fotos están bien tomadas y muestran el coche en su totalidad.,Se ve el coche desde todos sus angulos,La luz de los planos exteriores es algo debil y oscurece el coche,Esta bien enfocadas,Se podria subir la exposicion para suplir el problema de la luz,No se aprecian desviaciones de color,Son angulos buenos y abarcan todo el coche,Venta de coches,No parecen estar editadas salvo por la marca de agua,El encuadre deja ver todo el coche,Fotos de buena calidad
Ford,,https://www.coches.net/ford-transit-350-96kw-l3-trend-fwd-2p-diesel-2020-en-madrid-60185096-fuvivo.aspx,REGULAR,Santiago,Ramón,OK,"Pocas fotos, la iluminación es mala.",4 fotos generales y 9 fotos detalle,"Luz heterogénea, luz natural, crean sombras fuertes.","Bien enfocadas, la carrocería se encuentra centrada ",Exposición correcta,"El color del coche se aprecia bien, algunas fotos pueden aumentar el brillo del color por la iluminación del sol","Angulos buenos en los planos generales, los planos detalle se encuentra un poco torcidos",Venta de coches,Marca de agua y un enlace,"Encuadres correctos, una foto detalle se va un poco a la izquierda",Calidad mejorable en cuanto a iluminación 
Ford,,https://www.coches.net/ford-focus-st-23-ecoboost-206kw-280cv-5p-gasolina-2024-en-madrid-60561419-covo.aspx,REGULAR,Lautaro,Alejandro,OK,20 fotos de calidad.,5 fotos generales y 15 plano detalle,Ligeramente oscuro en general y por dentro en fotos especificas,Enfoque correcto en todas las fotos,"Exposicion correcta, mejorable para aclarar diversas fotos","Colores correctos, ligeramente saturados","Angulos generales ligeramente inclinados, angulos interiores demasiado cerrados e inclinados",Foto en un espacio interior con iluminación tenue,No se ve una edicion aparente,"Fotos bien encuadradas, ligeramente hacia los lados","Calidad regular, fotos osucuras le reducen la calidad"
Ford,,https://www.coches.net/km-0/ford/explorer-ev/madrid/cx740s-premium-r-ext-rwd-77kwh-286cv-electrico-hibrido-de-km0-59008153-kovn.aspx,REGULAR,Ruben,Santiago,OK,Las imágenes son varias y poseen una luz mala en el interior principalmente.,Hay 19 fotos que perciben varios angulos y se muestran distintos puntos del coche,"La luz no es homogénea, y se excede en interiores",El enfoque es mejorable,La exposicion es muy alta en imagenes de interior ya que el sol se ve de frente,El color es bueno en las primeras fotos pero luego empeora,Los angulos no son malos de fuera pero dentro se pueden apreciar hasta reflejos,Venta de coches,No se ve edicion excepto la marca de agua,El encuadre es mejorable,Calidad media
Ford,,https://www.coches.net/ford-transit-custom-dc-van-bev-64kwh-100kw-320-l1-trend-4p-electrico-hibrido-2025-en-madrid-59576578-fuvivo.aspx,BIEN,Alejandro,Ramón,OK,"Muchas fotos, bien iluminadas.",Buenas fotos detalladas de el interior,Luz homogénea ,Bien enfocadas ,Buena exposición,No parece estar saturada,Fotos desde distintos angulos,Venta de coches,No se ven rastros ,El coche no está recortado de las fotos,Buenas fotos  de buena calidad
Ford,,https://www.coches.net/ford-mustang-mach-e-premium-awd-ran-estan-bat-lfp-242kw-5p-electrico-hibrido-2024-en-madrid-60662964-covo.aspx,BIEN,Adrian,Lautaro,OK,23 fotos de buena calidad general.,5 fotos generales y 18 planos detalle,"iluminación correcta en la mayor parte de fotos, alguna del interior debido a la luz artificial que choca directamente hace que la iluminacion no sea igual en toda la imagen, generando sombras y sobreexposiciones","Bien enfocadas en la mayor parte de las imagenes, alguna foto interior al estar tomada con un movil, se nota mas desenfocada","Buena en general, alguna interior con sobreexposicion y sombras molestas","Colores correctos en la mayor parte de imagenes, alguna imagen del interior tiene problemas en la saturacion del color por la iluminación",Angulos buenos y desde la gran mayoria posibles ,Venta de coches,No parece estar editada,"Encuadre general bueno, alguna interior podria estar mejor encuadrada","Calidad buena, con alguna peor enfocada "
Ford,,https://www.coches.net/km-0/ford/capri/madrid/cx740l-premium-r-ext-rwd-77kwh-286cv-electrico-hibrido-de-km0-60179670-kovn.aspx,BIEN,Ramón,Alejandro,OK,Las fotos están bien tomadas y muestran el coche en su totalidad.,Se ve el coche desde todos sus angulos,La luz ilumina el coche de forma adecuada,Estan bien enfocadas,La exposicion es adecuada y no genera zonas quemadas,No se aprecian desviaciones de color,Fotos desde muchos angulos haciendo posible la vista del coche totalmente correcta,Venta de coches,No parecen estar editadas salvo por la marca de agua,El encuadre deja ver todo el coche,Fotos de buena calidad
Ford,,https://www.coches.net/ford-tourneo-connect-15-ecoboost-phev-active-auto-5p-electrico-hibrido-2025-en-madrid-60253319-covo.aspx,REGULAR,Ruben,Ramón,OK,"Muchísimas fotos, la iluminación es buena en general excepto en varias fotos del final.",27 fotos que no tienen mal detalle,"La luz no es homogénea, y se excede en interiores y en algunas fotos del final ",El encuadre es correcto,La exposicion se sobrepasa en varias fotos dejandolas algo quemadas,Se pierde el color en algunas fotos,El angulo a veces crea reflejos,Venta de coches,No parecen estar editadas salvo por la marca de agua,El encuadre esta bien ,Fotos mejorables en general
Ford,,https://www.coches.net/ford-tourneo-custom-20-ecoblue-125kw-l2-titanium-auto-4p-diesel-2025-en-madrid-60384226-covo.aspx,BIEN,Ramón,Alejandro,OK,Muchas fotos bien detalladas y con buena iluminación.,Las fotos abarcan la totalidad del coche desde los diferentes angulos,La luz ilumina el coche de forma adecuada,Estan bien enfocadas tanto en los planos generales como detalle,"Tienen una buena exposicion, sin provocar partes quemadas ni muy oscuras",No se aprecian desviaciones de color,Fotos desde muchos angulos haciendo posible la vista del coche totalmente correcta,Venta de coches,No parecen estar editadas salvo por la marca de agua,El encuadre deja ver todo el coche,Fotos de buena calidad
Ford,,https://www.coches.net/ford-ranger-20-tdci-157kw-4x4-sup-cab-wildtrack-at-4p-diesel-2020-en-madrid-60596350-covo.aspx,BIEN,Lautaro,Ruben,OK,23 fotos de calidad.,5 fotos generales y 18 plano detalle ,iluminación correcta,Fotos correctamente enfocadas,Exposicion correcta y bien visible,Colores detallados y bien en saturacion y tono,"Angulos generales bien estabilizados, angulos interiores cerrados e inclinados",", revisando la calidad de los anuncios",No hay una edicion aparente,"Encuadre correcto, fotos del maletero salen un poco del encuadre",Fotos de buena calidad
Ford,,https://www.coches.net/km-0/ford/mustang/madrid/50-tivct-v8-331kw-mustang-gt-conv-gasolina-de-km0-60416903-kovn.aspx,BIEN,Alejandro,Lautaro,OK,"Muchas fotos, con buena iluminación en interior y exterior a la vez de detalladas.",Buena iluminación con distintos planos detallados en el interior y exterior,Buena iluminación,Un poco mal enfocadas,Buena exposición ,Sin colores saturados,Mucho sangulos detallados,Venta,No parece estar editada,Bien encuadrada,Fotos de buena calidad
Ford,,https://www.coches.net/km-0/ford/ranger/madrid/30-ecob-215kw-eawd-dob-cab-raptor-at-gasolina-de-km0-59863474-kovn.aspx,MUY BIEN,Santiago,Ruben,OK,"Gran cantidad de fotos, se muestra todos los complementos del coche.",5 fotos generales y 14 planos detalle,"Iluminación homogénea, no se presenta ninguna sombra dura ni brillos, se ilumina uniformemente","Enfoque buenos, se aprecia con detalle.",Buena exposición ,Colores sin saturar y con tono correcto,"Angulos buenos, como en plano general y especialmente en plano detalle",Venta de coches,Marca de agua y etiqueta C,Bien encuadrada,Muy buena en general
Ford,,https://www.coches.net/km-0/ford/ranger/madrid/30-ecob-215kw-eawd-dob-cab-raptor-at-gasolina-de-km0-60296257-kovn.aspx,MALA,Ruben,Santiago,OK,La cantidad de fotos es límite y no tiene muchos ángulos.,15 fotos de las cuales solo 3 enseñan el coche por fuera,La iluminación es homogénea y no se ve mal,El enfoque es correcto en las fotos,La exposicion no es mala,El color apenas se puede apreciar con 3 fotos del exterior,Hay pocos angulos del coche,Venta de coches,No hay signos de edicion excepto la marca de agua,El encuadre es bastante mejorable,La foto es de calidad media
Ford,,https://www.deysa.com/coches/km0/guadalajara/ford/focus/gasolina/st-2-3-ecoboost-206kw-280cv/1051651/,REGULAR,Adrian,Ruben,OK,"22 fotos, gran parte de ellas sobreexpuestas con demasiada iluminación.",5 fotos generales y 17 planos detalle,La iluminación en gran parte de las fotos es demasiado fuerte haciendo que algunas fotos se vean sobreexpuestas,"Enfoque mayormente bueno, pero mejorable ",Algunas fotos sobreexpuestas y/o con sombras molestas,"Color generalmente correcto menos en las fotos sobreexpuestas, donde se impide la correcta visualizacion de este","Angulos generalmente buenos, añadiria alguno mas del interior ",Venta de coches,"La primera foto editada, las demas no muestran signos de edicion",Encuadre general bueno ,"Calidad exterior buena, las fotos interiores mejorables"
Ford,,https://www.deysa.com/coches/km0/guadalajara/ford/kuga/gasolina/active-2-5-duratec-fhev-132kw-auto/1051649/,REGULAR,Ramón,Alejandro,OK,Las fotos están bien tomadas y muestran el coche en su totalidad.,Son fotos diversas que muestran todo el coche,Iluminación artificial y homogénea,Buen enfoque,No hay una sobreexposicion excesiva,Algunas fotos tienen un tono amarillento,Son buenos angulos y cubren todo el coche,Venta de coches,No parecen estar editadas salvo por la marca de agua,"Tienen buen encuadre, pero faltan las fotos del lado derecho del coche",Fotos de buena calidad
Ford,,https://www.deysa.com/coches/km0/guadalajara/ford/ranger/gasolina/3-0-ecob-215kw-e-awd-dob-cab-raptor-at/1051648/,BIEN,Alejandro,Lautaro,Not OK,Pocas fotos de buena calidad con buena iluminación.,Fotos generales en el exterior pero detalladas en el interior,Luz homogénea en el interior y exterior,Buen enfoque pero mejorable en el interior,Buena exposición,No hay saturación en el color,Buen angular,Venta de coches,No parece estar editado,Buen encuadre ,Fotos de buena calidad
Ford,,https://www.deysa.com/coches/km0/madrid/ford/f-150/gasolina/f-150-5-0-450cv-raptor-lariat/1017341/,MUY BIEN,Ruben,Ramón,OK,Muchas fotos con buena calidad.,Posee 28 fotos muy diversas que presentan perfectamente el coche,La luz es homogénea y equilibrada,El enfoque es bastante bueno,La exposicion es buena y no hay fotos quemadas ni muy oscuras,No hay saturacion excesiva,Los angulos son buenos aunque en una foto se ve al camara,Venta de coches,No hay edicion de fotos,El encuadre es muy bueno,Gran calidad de imagen
Ford,,https://www.deysa.com/coches/km0/madrid/ford/focus/gasolina/active-1-0t-ecoboost-mhev-92kw-125cv/1019150/,MUY BIEN,Lautaro,Ruben,OK,23 fotos de buena calidad.,5 fotos generales y 18 fotos detalle,"Buena iluminación, se aprecian los detalles","Enfoque correcto en la mayoria de fotos, ligeramente desenfocada en algunas fotos detalle","Buena exposicion general, ligeramente sobreexpuesto en algunas fotos detalle","Colores correctos, ligeramente saturados","Buenos angulos que dejan ver bien las fotos, ligeramente inclinados en fotos detalle",Foto en un espacio interior bien iluminado,No se ve una edicion aparente,Buen encuadre en todas las fotos,Buena calidad general
Ford,,https://www.deysa.com/coches/km0/madrid/ford/focus/gasolina/active-1-0t-ecoboost-mhev-92kw-125cv/1047652/,REGULAR,Ramón,Ruben,OK,"Muchas fotos, mostrando el coche completo.",Las fotos abarcan la totalidad del coche desde los diferentes angulos,La luz es homogénea y agradable a la vista,Hay algunas fotos algo borrosas,"Tienen una buena exposicion, sin provocar partes quemadas ni muy oscuras",No hay saturación en las fotos,Son angulos buenos y abarcan todo el coche,Venta de coches,No parecen estar editadas salvo por la marca de agua,Son encuadres adecuados y muestran las partes importantes del coche,Son de buena calidad
Ford,,https://www.deysa.com/coches/km0/madrid/ford/focus/gasolina/st-2-3-ecoboost-206kw-280cv-sb/1054925/,MUY BIEN,Ruben,Ramón,OK,Varias fotos de buena calidad y  detalladas.,20 fotos que se dividen en generales y detalladas que enseñan bien el coche,Luz homogénea que se ve bien a lo largo de las fotos,El enfoque es bueno no hay ninguna foto borrosa,La exposicion es correcta no hay desbalances,El color se aprecia bastante bien,Los angulos hacen que se aprecie bien el coche,Venta de coches  ,No se ve edicion de fotos,El encuadre es correcto,Buena calidad
Ford,,https://www.deysa.com/coches/km0/madrid/ford/focus/gasolina/st-2-3-ecoboost-206kw-280cv/1050627/,BIEN,Alejandro,Ruben,OK,Muchas fotos de buena calidad y  detalladas.,Fotos generales y detallladas desde fuera,Buena iluminación en el exterior e interior,Bien enfocada,Buena exposicion,No parece estar sobresaturada,Buen angular,Venta de coches,No se aprecia edición,Bien encuadrado el coche,Buena calidad
Ford,,https://www.deysa.com/coches/km0/madrid/ford/focus/gasolina/st-2-3-ecoboost-206kw-280cv/1050628/,REGULAR,Adrian,Santiago,OK,19 fotos de calidad buena tirando a media.,5 fotos generales y 14 planos detalle,iluminación correcta en la mayor parte de imagenes. Imagen del maletero ligeramente sobreexpuesta,Enfoque mejorable sobre todo en los planos detalle,"Exposicion buena en la mayor parte de las imagenes, foto del maletero sobreexpuesta","Color correcto generalmente, la unica foto sobreexpuesta hace que el color sea mas amarillento",Angulos buenos pero algunas interiores con niveles distintos,Venta de coches,"Primera foto editada, las demas no presentan edicion",Encuadre mejorable,Calidad de la imagen media debido al enfoque. Podrian ser de mas calidad
Ford,,https://www.deysa.com/coches/km0/madrid/ford/focus/gasolina/st-2-3-ecoboost-206kw-280cv/1051053/,BIEN,Santiago,Alejandro,OK,"Gran cantidad de fotos, enfoque y ángulos de las fotos mejorable.",5 fotos generales y 15 fotos detalle,"Luz homogénea, se ilumina uniformemente en por todo el coche. ","Enfoque mejorable, especialmente en los planos detalle, algo torcidos","Buena exposicion, exposición del plano detalle del maletero alta","Colores correctos, en plano detalle del maletero se satura","Angulos mejorables, cámara demasiado cerca",Venta de coches,Etiqueta C en primera foto,"Encuadre mejorable, especialmente para los paneles del coche.","Calidad de imagen buena en cuanto a la iluminación, mejorar en enfoques y angulos."
Ford,,https://www.deysa.com/coches/km0/madrid/ford/focus/gasolina/st-2-3-ecoboost-206kw-280cv/1051650/,REGULAR,Lautaro,Ramón,OK,18 fotos mejorables.,"5 fotos generales de buena calidad, 13 fotos detalle mejorables",Baja iluminación apreciable,Fotos plano detalle ligeramente desenfocadas,Falta exposicion en algunas fotos y otras estan sobreexpuestas,Colores ligeramente apagados debido a la iluminación,Angulos interiores ligeramente inclinados,Foto en un espacio interior con iluminación tenue,No se ve edicion aparente,Buen encuadre general de las fotos,Calidad general optima pero es mejorable
Ford,,https://www.deysa.com/coches/km0/madrid/ford/focus/gasolina/st-2-3-ecoboost-206kw-280cv/1051652/,REGULAR,Adrian,Lautaro,OK,16 fotos mejorables.,5 fotos generales y 11 planos detalle,Buena iluminación general con alguna sobreexpuesta,Enfoque mejorable en las fotos interiores,"Foto del maletero sobreexpuesta, algunas fotos de interior con sombras molestas ",Colores correctos menos en las fotos sobreexpuestas donde no se aprecia correctamente el color natural,"Angulos buenos generalmente, pero algunos inclinados y mejorables",Venta de coches,"Primera foto editada, las demas no presentan edicion",Encuadre mejorable en aproximadamente todas las fotos,Calidad mejorable sobre todo en el enfoque
Ford,,https://www.deysa.com/coches/km0/madrid/ford/focus/gasolina/st-2-3-ecoboost-206kw-280cv/1054928/,MALA,Ruben,Alejandro,OK,Diferentes fotos que enseñan muchas partes del coche.,21 fotos que se dividen en 11 planos de detalle y 10 generales ,La iluminación se siente baja en exceso,Los enfoques no son malos pero se podrian mejorar,Se requiere de mas exposicion en varias fotos,El color no es malo,El angulo es mejorable ya que algunas imagenes se ven desviadas,Venta de coches,No se ve edicion,El encuadre es mejorable a veces no se ve recta,Calidad baja
Ford,,https://www.deysa.com/coches/km0/madrid/ford/focus/gasolina/st-line-1-0t-ecoboost-mhev-92kw-125cv/1052320/,BIEN,Alejandro,Ruben,OK,Muchas fotos detalladas y generales en exterior como en interior.,Fotos que abarcan la totalidad del coche en interior y exterior,Buena iluminación en interior y exterior,Bien enfocado ,No se ve una mala iluminación sin que tenga poca iluminación,No parece estar sobresaturada,El angulo es diverso enseñando varios puntos de el coche,Vemta de coches,No se ve edición,Un encuadre mejorable pero bueno,Calidad buena
Ford,,https://www.deysa.com/coches/km0/madrid/ford/focus/gasolina/st-line-x-1-0t-ecoboost-mhev-92kw-125cv/1047651/,REGULAR,Ramón,Lautaro,OK,Bastantes fotos que enseñan el coche en su totalidad.,Son fotos diversas que muestran todo el coche,Tienen una iluminación un poco debil que no permite apreciar el coche,Algunas fotos estan algo borrosas,Tiene una exposicion adecuada para las condiciones de la foto,Tiene una tonalidad anaranjada en la mayoria de las fotos,Fotos desde muchos angulos haciendo posible la vista del coche totalmente correcta,Venta de coches,No parecen estar editadas salvo por la marca de agua,El encuadre deja ver todo el coche,Fotos de buena calidad
Ford,,https://www.deysa.com/coches/km0/madrid/ford/focus/gasolina/st-line-x-1-0t-ecoboost-mhev-92kw-125cv/1052321/,REGULAR,Santiago,Ramón,OK,"Cantidad de fotos mínimas, fotos con ángulos, enfoques y encuadre en plano detalle malos.",5 fotos generales y 10 fotos planos detalles,"Iluminación correcta y homogénea, foto de asientos de los pasajeros muestra sombras duras.","Enfoque de las fotos de paneles del coche malos, especialmente el volante",Exposición buena en general,"El color se representa correctamente, el color se satura en la foto de asientos de pasajeros","Angulos buenos en fotos de plano general, fotos de plano detalle de los paneles del coche angulos innecesarios.",Venta de coches,Etiqueta ECO en primera foto,"Encuadre de fotos en plano general buenos, encuadre de fotos de los paneles malos, pobremente centrados. Foto del volante pésimo.","Fotos mejorables, especialmente en el interior"
Ford,,https://www.deysa.com/coches/km0/madrid/ford/focus/gasolina/st-line-x-1-0t-ecoboost-mhev-92kw-125cv/1052323/,REGULAR,Lautaro,Ruben,OK,17 fotos mejorables.,5 Fotos generales y 12 fotos detalle,Iluminación irregular,Fotos bien enfocadas en general,Exposicion correcta,Colores ligeramente saturados,Angulos inclinados en la mayoria de fotos,Foto en un garage coniluminación irregular,No se ve una edicion aparente,"Encuadre mejorable, no todas las fotos estan bien centradas",Calidad general bastante mejorable
Ford,,https://www.deysa.com/coches/km0/madrid/ford/focus/gasolina/st-line-x-1-0t-ecoboost-mhev-92kw-125cv/1052325/,BIEN,Ruben,Ramón,OK,Diversas fotos con una iluminación algo baja.,18 fotos que muestran todo el coche,Iluminación en general algo oscura,El enfoque es bueno ,La exposicion es baja,El color se aprecia bien,Los angulos son buenos,Venta de coches,No hay signos de edicion excepto la marca de agua,El encuadre hace que las fotos se vean bien ,Calidad optima
Ford,,https://www.deysa.com/coches/km0/madrid/ford/focus/gasolina/st-line-x-1-0t-ecoboost-mhev-92kw-125cv/1052326/,REGULAR,Ramón,Santiago,OK,Las fotos estan bien tomadas y muestran el coche en su totalidad.,Se ve el coche desde todos sus angulos,La luz es algo escasa en las fotos exteriores,Estan bien enfocadas en general pero una esta algo borrosa,La exposicion es adecuada y no genera zonas quemadas,No se aprecian desviaciones de color,Fotos desde muchos angulos haciendo posible la vista del coche totalmente correcta,Venta de coches,No parecen estar editadas salvo por la marca de agua,El encuadre deja ver todo el coche,Fotos de buena calidad
Ford,,https://www.deysa.com/coches/km0/madrid/ford/focus/gasolina/st-line-x-1-0t-ecoboost-mhev-92kw-125cv/1052327/,BIEN,Lautaro,Alejandro,OK,18 fotos con buena calidad.,5 fotos generales y 13 detalle,Iluminacion irregular,Buen enfoque general,Bien nivelada la exposicion para arreglar la falta de iluminación,Ligeramente apagados por falta de luz,Un poco inclinados en fotos detalle,Foto en un garage con iluminación irregular,No se ve una edicion aparente,"Encuadre centrado en la mayoria de fotos, algunas con ligera desviacion hacia los lados",Buena calidad general
Ford,,https://www.deysa.com/coches/km0/madrid/ford/focus/gasolina/st-line-x-1-0t-ecoboost-mhev-92kw-125cv/1053071/,MUY BIEN,Alejandro,Lautaro,Not OK,Muchas fotos de buena calidad en el interior y detalladas.,Muchos planos que enseñan a detalle el coche,Iluminacion homogénea,Buen enfoque,Buena exposición,Buena exposición,Buenos angulos,Venta de coches,No parece estar editda,Se ve centrada,Buena calidad en general
Ford,,https://www.deysa.com/coches/km0/madrid/ford/focus/gasolina/st-line-x-1-0t-ecoboost-mhev-92kw-125cv/1053072/,REGULAR,Ramón,Ruben,OK,Muchas fotos bien detalladas y con buena iluminación.,Son fotos diversas que muestran todo el coche,La luz ilumina el coche de forma adecuada,Estan la mayoria ligeramente desenfocadas,La exposicion es adecuada y no genera zonas quemadas,No se aprecian desviaciones de color,Son angulos buenos y abarcan todo el coche,Venta de coches,No parecen estar editadas salvo por la marca de agua,El encuadre deja ver todo el coche,Fotos de buena calidad
Ford,,https://www.deysa.com/coches/km0/madrid/ford/focus/gasolina/st-line-x-1-0t-ecoboost-mhev-92kw-125cv/1053073/,,Adrian,Ruben,OK,"Mismo anuncio que la celda 67 y 68 (exactamente el mismo numero de fotos y las mismas fotos, lo único que cambia es la dirección de la compra del coche)",,,,,,,,,,
Ford,,https://www.deysa.com/coches/km0/madrid/ford/kuga/gasolina/active-2-5-duratec-fhev-132kw-auto/1027072/,REGULAR,Ruben,Alejandro,OK,Variedad de imágenes con mala calidad.,21 fotos donde se ven varios puntos del coche,La iluminacion es pobre en general y no homogénea,El enfoque es bueno,la exposicion es baja aunque en algunas fotos aumenta mucho,El color se aprecia bien,Los angulos no son del todo malo aunque algunos estan algo desviados,Venta de coches,No hay signos de edicion,El encuadre es mejorable,La calidad es mediocre
Ford,,https://www.deysa.com/coches/km0/madrid/ford/kuga/gasolina/active-2-5-duratec-fhev-132kw-auto/1033434/,BIEN,Lautaro,Ramón,OK,21 fotos de calidad óptima.,5 fotos generales y 16 fotos plano detalle,"Buena iluminacion general, iluminacion baja en el interior",Todas las fotos bien enfocadas,"Buena exposicion, se aprecian los detalles",Colores correctos en tonalidad y saturacion,Angulos en general ligeramente inclinados,Foto en un espacio interior bien iluminado,No se ve una edicion aparente,Buen encuadre centrado,Calidad general buena
Ford,,https://www.deysa.com/coches/km0/madrid/ford/mustang/gasolina/5-0-ti-vct-v8-331kw-gt-conv/1026347/,BIEN,Santiago,Ruben,OK,Muy buena cantidad de fotos.,10 fotos generales y 16 fotos detalle,"Iluminación correcta y homogénea, la luz se esparce uniformente por toda superficie del coche",Enfoque bueno en generalr,"Buena exposicion en general, poca exposición en la foto de los asientos pasajeros.","Ningún problema en color, foto del maletero cambia de tonalidad y saturación.","Angulos en los planos generales buenos, angulos de las fotos del panel táctil innecesarios.",Venta de coches,Etiqueta C en primera foto,"Buen encuadre en planos generales, encuadre de fotos del panel táctil torcidos.",Calidad buena
Ford,,https://www.deysa.com/coches/km0/madrid/ford/mustang/gasolina/s650-gt-convertible-5-0-ti-vct-v8-331kw-450cv-rwd-euro-6-2-aut/1058616/,MUY MALA,Adrian,Alejandro,OK,No hay fotos.,No hay fotos,No hay fotos,No hay fotos,No hay fotos,No hay fotos,No hay fotos,No hay fotos,No hay fotos,No hay fotos,No hay fotos
Ford,,https://www.deysa.com/coches/km0/madrid/ford/puma/gasolina/1-0-ecoboost-125cv-st-line-mhev/1052319/,BIEN,Adrian,Santiago,OK,16 fotos de buena calidad.,5 fotos generales y 11 planos detalle,Iluminacion buena y homogénea en la mayoria de las fotos ,Enfoque bueno utilizando profundidad de campo para resaltar las zonas mas importantes en las imagenes interiores,"Exposicion buena en general, alguna foto interior con sombras molestas ",Colores correctos en tonalidad y saturacion,Buenos angulos aunque alguno no nivelado a los demas,Venta de coches,"Primera foto editada, las demas no presentan edicion",Encuadre mejorable pero bueno en general,Calidad de las imagenes buenas
Ford,,https://www.deysa.com/coches/km0/madrid/ford/puma/gasolina/1-0-ecoboost-125cv-st-line-x-mhev/1050625/,REGULAR,Ramón,Ruben,OK,Las fotos están bien tomadas y muestran el coche en su totalidad.,Las fotos abarcan la totalidad del coche desde los diferentes angulos,Tiene una luz homogénea,Estan bien enfocadas en general salvo alguna interior,"Tienen una buena exposicion, sin provocar partes quemadas ni muy oscuras",No se aprecian desviaciones de color,Fotos desde muchos angulos haciendo posible la vista del coche totalmente correcta,Venta de coches,No parecen estar editadas salvo por la marca de agua,El encuadre deja ver todo el coche,Fotos de buena calidad
Ford,,https://www.deysa.com/coches/km0/madrid/ford/puma/gasolina/1-0-ecoboost-125cv-st-line-x-mhev/1053070/,MUY BIEN,Alejandro,Lautaro,OK,Cantidad media de foto.,Planos generales del esxterior y de los mandos del coche,Buena iluminación en el exterior,Enfoque mejorable en el interior,Exposicion buena,No parece que haya saturación,Buen angular,Vemtas de coches,No se ve edición,Bien encuadrada,Generalmente buena 
Ford,,https://www.deysa.com/coches/km0/madrid/ford/ranger/diesel/wildtrack-ms-rt-3-0-240cv/1035376/,BIEN,Ruben,Lautaro,OK,Muchas fotos variadas con no mucho detalle.,25 fotos que presentan varios puntos del coche donde predominan los planos detallados,La iluminacion es buena,Enfoque es bueno con detalle,la exposicion no es mala,los colores se aprecian con detalle,los angulos no pierden nada de informacion del coche,Venta de coches,No hay edicion visible,El encuadre es bueno aunque se podria ajustar un poco mas,La foto es optima
Ford,,https://www.deysa.com/coches/km0/madrid/ford/ranger/gasolina/raptor-raptor-doble-cab-3-0-ecoboost-v6-aut-215kw-292cv/1034356/,REGULAR,Lautaro,Ruben,OK,17 fotos de calidad mejorable.,3 fotos generales y 14 fotos detalle,iluminacion bien distribuida,Buen enfoque general,Ligeramente sobreexpuesto,Colores un poco saturados debido a la iluminacion ,Angulos ineriores ligeramente inclinados,Foto en un espacio interior bien iluminado,No se ve edición,Algunas fotos fuera de encuadre,Calidad bastante mejorable
Ford,,https://www.deysa.com/coches/km0/madrid/ford/ranger/hibrido/2-3-tivct-phev-e-awd-d-cab-stormtrak-at/1058024/,MUY BIEN,Ruben,Ramón,OK,Muchísimas fotos con buena calidad.,30 fotos donde se puede ver todo tipo de especificaciones del coche,La iluminacion es homogénea y no hay ningun desbalance,El enfoque es concreto y con detalle,La exposicion es correcta,Los colores se aprecian bien,Los angulos son buenos aunque quizas se podria poner algo mas recta la camara,Venta de coches,No hay edicion visible,El encuadre es bueno aunque se podria mejorar ,La calidad es buena
Ford,,https://www.deysa.com/coches/km0/madrid/ford/tourneo-connect/hibrido/1-5-ecoboost-phev-active-auto/1025663/,REGULAR,Santiago,Ruben,OK,"Muchas fotos, se muestra todos los complementos que tiene la carrocería.",7 fotos generales y 20 fotos detalle,Iluminación buena como exterior e interior,"Buen enfoque, se distingue lo que se quiere mostrar y el fondo",Exposicion buena,Colores correctos,"Angulos buenos, se muestra la totalidad de la carrocería por dentro y fuera",Venta de coches,No hay edición,"Encuadre pésimo en interior y la foto del surtidor, estan girados o no estan casi centrados",Calidad de imágenes buenas
Ford,,https://www.deysa.com/coches/km0/madrid/ford/tourneo-connect/hibrido/1-5-ecoboost-phev-active-auto/1025664/,BIEN,Adrian,Ruben,OK,27 fotos de calidad buena-media.,7 fotos generales y 20 planos detalle,Iluminacion buena generalmente,"El enfoque podria ser mejor en algunas de las fotos, pero generalmente bien",Exposicion correcta menos en las fotos del maletero habiendo sobreexposicion,Color correcto en todas las fotos menos en las sobreexpuestas,Angulos mejorables pero generalmente correctos y diversos,Venta de coches,"Primera foto editada, las demas no presentan edicion","Encuadre mejorable en bastantes fotos, sobre todo en interior",Buena calidad pero el enfoque podria ser mejor
Ford,,https://www.deysa.com/coches/km0/madrid/ford/tourneo-courier/gasolina/1-0-ecoboost-92kw-125cv-titanium/1020923/,REGULAR,Alejandro,Ramón,OK,"Fotos regulares, por culpa de la iluminación natural.",Son fotos generales un poco torcidas el exterior del coche y el interior,Mala iluminación en el interior y exterior,Un poco mejorable,Exposición mejorable ,No se ve saturado,Buen anfular y fotos torcidas,Venta de coches,No hay edición,Ecuadre mejorable,Calidad mejorable
Ford,,https://www.deysa.com/coches/km0/madrid/ford/tourneo-courier/gasolina/1-0-ecoboost-92kw-125cv-titanium/1052318/,MALA,Lautaro,Alejandro,OK,17 fotos mejorables.,5 fotos generales y 12 fotos plano detalle,"iluminacion correcta, un poco tenue",Desenfocado en algunas fotos,Sobreexpuesto en el interior,Colores mejorables,"Angulos mayormente estables, pocos ligeramente inclinados",Foto en un espacio interior bien iluminado,No se ve edición,Encuadre correcto,"Fotos muy mejorables en calidad, ilumniacion y encuadre"
Ford,,https://www.deysa.com/coches/km0/madrid/ford/tourneo-custom/diesel/2-0-ecoblue-125kw-l2-titanium-auto/1040047/,BIEN,Ruben,Alejandro,OK,Varias fotos que muestran muchos puntos del coche.,26 fotos de las cuales 10 son generales y 16 son de planos detallados,La luz es homogénea y no presenta desbalances,Alguna imagen se ve un poco desenfocada pero no son la mayoria,La exposicion no es buena ni mala es intermedia,"El color es palido, hace falta mas intensidad en el color",Los angulos son correctos a excepcion de una foto hacia un faro por la mitad,Venta de coches,No se ve edicion,Encuadre casi perfecto en todas las imagenes,Calidad optima
Ford,,https://www.deysa.com/coches/km0/madrid/ford/tourneo-custom/hibrido/2-5-duratec-phev-171kw-l2-titanium-ecvt/1058617/,BIEN,Ramón,Santiago,OK,Las fotos están bien tomadas y muestran el coche en su totalidad.,Las fotos abarcan la totalidad del coche desde los diferentes angulos,Tiene una luz homogénea,Estan bien enfocadas tanto en los planos generales como detalle,"Tienen una buena exposicion, sin provocar partes quemadas ni muy oscuras",No se aprecian desviaciones de color,Fotos desde muchos angulos haciendo posible la vista del coche totalmente correcta,Venta de coches,No parecen estar editadas salvo por la marca de agua,El encuadre deja ver todo el coche,Fotos de buena calidad
Ford,,https://www.deysa.com/coches/km0/madrid/ford/transit-courier/gasolina/van-1-0-ecoboost-75kw-trend/1048320/,REGULAR,Lautaro,Ruben,OK,14 fotos mejorables.,5 Fotos generales y 9 fotos detalle,iluminacion correcta,Buen enfoque general,Se ve un poco sobreexpuesto,Colores correctos en general,"Buenos angulos en general, ligeramente inclinados",Foto en un espacio interior bien iluminado,No se ve edición,Ligeramente descentrado,"Calidad mejorable, el lente se ve ""Sucio"""
Ford,,https://www.deysa.com/coches/km0/madrid/ford/transit-custom/diesel/van-2-0-ecoblue-100kw-280-l1-trend/1052328/,BIEN,Alejandro,Ruben,OK,Fotos buenas del exterior e interior.,Planos generales del esxterior y de los mandos del coche,Iluminación buena,Buen enfoque,Buena exposición,No hay rastros de saturación,Buen angular ,Vemnta de coches,No se ve edición,Bien encuadrada,Buena calidad pero el enfoque podria ser mejor
Ford,,https://www.deysa.com/coches/km0/madrid/ford/transit-custom/diesel/van-2-0-tdci-96kw-320-l2-trend/1010095/,REGULAR,Adrian,Ruben,OK,18 fotos de calidad media.,5 planos generales y 13 planos detalle,Iluminacion mejorable,Enfoque altamente mejorable,"Exposicion buena en general, pero mejorable","Colores correctos en general, pero falta iluminacion para notarlos mas vividos",Angulos diversos y buenos,Venta de coches,"Primera foto editada, las demas no presentan edicion",Encuadre mejorable,"Calidad media, muchos aspectos mejorables pero las fotos muestran medianamente bien el vehiculo"
Ford,,https://www.deysa.com/coches/km0/madrid/ford/transit-custom/diesel/van-2-0-tdci-96kw-320-l2-trend/1010096/,REGULAR,Santiago,Ruben,OK,"Fotos mejorables en cuanto a su encuadre, ángulos, exposición y enfoque.",5 fotos generales y 14 fotos detalle,Iluminación correcta y homogénea,Desenfoque en algunas fotos debido al moverse o no se centro bien la cámara,Un poco subexpuesto en las fotos de plano general,Colores correctos,Angulos mejorables,Venta de coches,No hay edición,Encuadres pésimos en fotos de plano general,Calidad mejorable
Ford,,https://www.deysa.com/coches/usados/guadalajara/ford/connect/hibrido/transit-nueva-van-l2-trend-n1-1-5l-ecoboost-phev-110-kw-150cv-aut-6e/999956/,MUY BIEN,Ruben,Ramón,OK,Fotos con gran calidad.,20 fotos donde 9 son generales y el resto son planos detallados,La iluminacion permite disfrutar del coche correctamente,El enfoque es muy detallado,La exposicion esta muy bien equilibrada en cada foto,El color se aprecia sin saturacion,Los angulos estan tomados de manera que puedes identificar bien cada parte del coche,Venta de coche ,No se ve edición,El encuadre es bueno,Calidad muy buena en las fotos
Ford,,https://www.deysa.com/coches/usados/guadalajara/ford/explorer/electrico/premium-r-extendido-rwd-77kwh-286cv/883246/,BIEN,Lautaro,Ruben,OK,25 fotos de buena calidad.,5 fotos generales y 20 fotos detalle,Ilumniacion bien distribuida pero tenue,Buen enfoque en la mayoria,Exposicion mejorable par apreciar bien las fotos,Colores ligeramente apagados pero correctos,Angulos buenos pero dentro ligeramtne inclinados,Foto en un espacio interior bien iluminado,No se ve edición,"La mayoria esta correcto, pocas fotos no estan bien centradas","Buena calidad de fotos, tecnica fotografica mejorable"
Ford,,https://www.deysa.com/coches/usados/guadalajara/ford/focus/gasolina/1-0-ecoboost-mhev-92kw-active/838478/,REGULAR,Ramón,Alejandro,OK,Tiene una buena cantidad de fotos pero pequeños fallos.,5 fotos exteriores y 21 interiores y detalle,Buena iluminacion salvo en contadas ocasiones,Algunas fotos interiores estan algo borrosas,No se genera ninguna zona quemada por la exposicion,sin variacion,se cubren todos los angulos,venta de coches,no hay edicion aparente,Encuadres algo cerrados,Calidad media
Ford,,https://www.deysa.com/coches/usados/guadalajara/ford/kuga/diesel/st-line-1-5-ecoblue-88kw-120cv/535216/,MALA,Lautaro,Alejandro,OK,13 fotos mejorables.,5  Fotos generales y 8 fotos detalle,iluminacion pobre,enfoque general bueno,Baja exposicion,Colores correctos pero apagados,Angulos correctos,Foto en un espacio interior bien iluminado,No se ve edición,Fotos fuera de encuadre,Calidad muy mejorable
Ford,,https://www.deysa.com/coches/usados/guadalajara/ford/kuga/diesel/st-line-1-5-ecoblue-88kw-120cv/876551/,MALA,Ruben,Ramón,OK,"Fotos de calidad bastante mejorable, además se necesitaría hacer alguna foto más.",18 fotos de las cuales 7 son generales y el resto planos detallados,La iluminacion no es homogénea y es algo pobre,Enfoque algo borroso,Exposicion que varia de mucha iluminación a poca,Color pobre,Angulos desviados,Venta de coches,no hay edicion,Fotos fuera de encuadre,Calidad mejorable
Ford,,https://www.deysa.com/coches/usados/guadalajara/ford/kuga/diesel/st-line-1-5-ecoblue-88kw-120cv/895526/,BIEN,Alejandro,Ruben,OK,Buenas fotos del interior y en el exterior.,Fotos generales del interior exteriores,Iluminación homogénea,Buen enfoque,Buena exposición,No hay sobresaturación,bien angulado,Venta de coches,No hay edicion,Fotos encuadradas,regular
Ford,,https://www.deysa.com/coches/usados/guadalajara/ford/kuga/gasolina/st-line-2-5-duratec-fhev-140kw-auto/632416/,REGULAR,Santiago,Alejandro,OK,Fotos mejorables en cuanto a la iluminación y encuadre.,5 fotos generales y 10 fotos detalle,"Iluminación uniforme y homogénea en el exterior, interior pobremente iluminado","Enfoque bueno, se aprecian los detalles",Buena,Buena,Regular,Venta de coches,Nada,Regular,Calidad regular
Ford,,https://www.deysa.com/coches/usados/guadalajara/ford/kuga/gasolina/st-line-x-1-5t-ecoboost-110kw-150cv/974863/,REGULAR,Adrian,Ramón,OK,23 imágenes de regular calidad.,5 fotos generales y 18 fotos detalle,"Iluminación buena, algunas fotos sobreexpuestas","Enfoque mejorable en algunas fotos interiores y exteriores, pero en otras bien","Exposicion buena en la mayor parte de imagenes, sin embargo en otras la luz refleja demasiado haciendo sobreexposicion en fotos del interior y maletero",Colores correctamente visibles menos en las imagenes sobreexpuestas,Angulos diversos y correctos aunque alguno inclinado,Venta de coches,"Primera foto editada, las demas no muestran edicion","Encuadre generalmente bueno, algunas fotos del interior mejorables",Calidad de las imagenes mejorable sobre todo el enfoque. 
Ford,,https://www.deysa.com/coches/usados/guadalajara/ford/kuga/hibrido/st-line-x-2-5-duratec-phev-165kw-auto/837694/,BIEN,Lautaro,Ruben,OK,"Buena calidad, baja iluminación, ligera inclinacion.",,,,,,,,,,
Ford,,https://www.deysa.com/coches/usados/guadalajara/ford/kuga/hibrido/titanium-2-5-duratec-phev-165kw-auto/746672/,MUY BIEN,Lautaro,Ruben,OK,"Buena calidad e iluminación, ligera inclinación, ángulos correctos.",,,,,,,,,,
Ford,,https://www.deysa.com/coches/usados/guadalajara/ford/puma/gasolina/1-0-ecoboost-125cv-titanium-design-mhev/1021281/,REGULAR,Ramón,Lautaro,OK,"Buenos ángulos, cubren todo el coche, fotos algo borrosas pero buena iluminación.",,,,,,,,,,
Ford,,https://www.deysa.com/coches/usados/guadalajara/ford/puma/hibrido/1-0-ecoboost-92kw-st-line-x-mhev/591887/,REGULAR,Lautaro,Ramón,OK,"Iluminación pobre, encuadre descentrado, ángulos inclinados, calidad media.",,,,,,,,,,
Ford,,https://www.deysa.com/coches/usados/guadalajara/ford/transit-courier/gasolina/nueva-van-active-n1-1-0-ecoboost-93-2kw-125cv-euro-6-2/798829/,REGULAR,Lautaro,Alejandro,OK,"Iluminación pobre, encuadre descentrado, ángulos inclinados, calidad media.",,,,,,,,,,
Ford,,https://www.deysa.com/coches/usados/guadalajara/ford/transit-custom/diesel/kombi-2-0-tdci-96kw-320-l1-trend/904096/,REGULAR,Lautaro,Ruben,OK,"Ligera sobreexposición, buenos ángulos, iluminación mal distribuida, reflejo de persona.",,,,,,,,,,
Ford,,https://www.deysa.com/coches/usados/guadalajara/ford/transit-custom/diesel/nueva-m1-kombi-ft320-l1-kombi-limited-2-0-ecoblue-100kw-136cv-euro-6-2/911071/,BIEN,Lautaro,Ruben,OK,Mismas fotos que la anterior pero con mejor exposición.,,,,,,,,,,
Ford,,https://www.deysa.com/coches/usados/madrid/ford/bronco/gasolina/badlands-2-7-ecoboost-v6-335cv-4x4-int/1004359/,MUY MALA,Lautaro,Alejandro,OK,"Fotos inclinadas, mal enfocadas, color mal distribuido, fotos tomadas en un espacio sucio, ángulos inclinados.",,,,,,,,,,
Ford,,https://www.deysa.com/coches/usados/madrid/ford/capri/electrico/cx740l-premium-r-ext-rwd-77kwh-286cv/910075/,REGULAR,Lautaro,Ramón,OK,"Iluminación mal distribuida, calidad de foto mejorable, buenos ángulos y buen encuadre.",,,,,,,,,,
Ford,,https://www.deysa.com/coches/usados/madrid/ford/capri/electrico/cx740l-premium-r-ext-rwd-77kwh-286cv/965015/,MUY BIEN,Santiago,Lautaro,Not OK,"Muchas fotos, muestran todo el coche y lo que puede ofrecer.",5 fotos generales y 14 fotos detalle,Buena,Buena,Buena,Buena,Bueno,Venta de coches,Nada,Bueno,Fotos de muy buena calidad
Ford,,https://www.deysa.com/coches/usados/madrid/ford/connect/diesel/transit-kombi-b-corta-ft-230l1-n1-trend-1-5-tdci-s-s/827679/,REGULAR,Ruben,Alejandro,OK,"Fotos límite, iluminación algo mala y enfoques mejorables.",,,,,,,,,,
Ford,,https://www.deysa.com/coches/usados/madrid/ford/connect/hibrido/transit-nueva-van-l2-trend-n1-1-5l-ecoboost-phev-110-kw-150cv-aut-6e/1009148/,BIEN,Ruben,Ramón,OK,"Diversas fotos , iluminación buena y encajes mejorables.",,,,,,,,,,
Ford,,https://www.deysa.com/coches/usados/madrid/ford/connect/hibrido/transit-nueva-van-l2-trend-n1-1-5l-ecoboost-phev-110-kw-150cv-aut/999957/,REGULAR,Ruben,Alejandro,OK,"Diversas fotos, iluminación no homogénea y mejorable, enfoque algo desviado.",,,,,,,,,,
Ford,,https://www.deysa.com/coches/usados/madrid/ford/ecosport/gasolina/1-0t-ecoboost-92kw-125cv-s-s-st-line/993740/,MUY BIEN,Ruben,Ramón,OK,"23 fotos varias, ilumiancion perfecta y encaje bueno, ademas el enfoque no es borroso.",,,,,,,,,,
Ford,,https://www.deysa.com/coches/usados/madrid/ford/explorer/electrico/premium-r-extendido-rwd-77kwh-286cv/880954/,BIEN,Ruben,Ramón,OK,"22 fotos, la iluminación solo falla por los reflejos que tienen las imágenes en cuanto al resto esta bien.",,,,,,,,,,
Ford,,https://www.deysa.com/coches/usados/madrid/ford/explorer/electrico/premium-r-extendido-rwd-77kwh-286cv/880955/,REGULAR,Lautaro,Ruben,OK,"Algunas fotos mal enfocadas, ligera suciedad en el coche, iluminación mal distribuida, fotos un poco fuera de encuadre.",,,,,,,,,,
Ford,,https://www.deysa.com/coches/usados/madrid/ford/explorer/electrico/premium-r-extendido-rwd-77kwh-286cv/883247/,BIEN,Ramón,Ruben,OK,"Buenas fotos, se podría mejorar la iluminación pero está enfocado y hay buen detalle.",,,,,,,,,,
Ford,,https://www.deysa.com/coches/usados/madrid/ford/explorer/electrico/premium-r-extendido-rwd-77kwh-286cv/989358/,BIEN,Santiago,Ruben,OK,"Fotos buenas, enseñan interior y exterior del coche.",5 fotos generales y 12 fotos detalle,Buena,Buena,Buena,Buena,Buena,Venta de coches,Nada,Regular,Fotos de buena calidad
Ford,,https://www.deysa.com/coches/usados/madrid/ford/explorer/hibrido/3-0-phev-awd-st-line/1056569/,MUY BIEN,Ramón,Ruben,OK,"Muchas fotos, buena elección de ángulos e iluminación.",,,,,,,,,,
Ford,,https://www.deysa.com/coches/usados/madrid/ford/explorer/hibrido/3-0-phev-awd-st-line/847404/,MUY BIEN,Alejandro,Ruben,OK,"Buenas fotos interior exterior con buena exposición, con una luz homogénea, con muchas fotos, muy detalladas y enfocadas, sin sobresaturación y bien encuadradas.",,,,,,,,,,
Ford,,https://www.deysa.com/coches/usados/madrid/ford/fiesta/gasolina/1-0-ecoboost-mhev-92kw-125cv-st-line-5p/1058614/,REGULAR,Lautaro,Ruben,OK,"Fotos con el lente ""sucio"", colores demasiado cálidos, fotos detalle sucias, ángulos y encuadre descentrados.",,,,,,,,,,
Ford,,https://www.deysa.com/coches/usados/madrid/ford/focus/diesel/1-5-ecoblue-85kw-active-x-auto-sb/915153/,BIEN,Ramón,Ruben,OK,Se puede mejorar la iluminación exterior y hay una ligera difuminación en las fotos.,,,,,,,,,,
Ford,,https://www.deysa.com/coches/usados/madrid/ford/focus/diesel/1-5-ecoblue-88kw-trend/757427/,BIEN,Alejandro,Ruben,OK,"Fotos regulares en el interior y exterior, cantidad regular de fotos bien iluminadas pero un poco mal enfocadas, bien encuadradas y detalladas, con un buen ángulo y sin sobrestauración.",,,,,,,,,,
Ford,,https://www.deysa.com/coches/usados/madrid/ford/focus/gasolina/1-0-ecoboost-92kw-active-auto/746671/,BIEN,Ruben,Lautaro,OK,"19 fotos, en la imagen solo falla la exposición y la iluminación que en algunas fotos es muy alta.",,,,,,,,,,
Ford,,https://www.deysa.com/coches/usados/madrid/ford/focus/gasolina/1-0-ecoboost-92kw-active/980515/,BIEN,Santiago,Ramón,OK,"Fotos de buena calidad, el encuadre puede ser mejorable.",5 fotos generales y 16 fotos detalle,,,,,,,,,
Ford,,https://www.deysa.com/coches/usados/madrid/ford/focus/gasolina/1-0-ecoboost-mhev-114kw-active-x/1056194/,BIEN,Alejandro,Santiago,OK,"Fotos regulares en el interior y exterior, cantidad regular de fotos bien iluminadas pero un poco mal enfocadas, bien encuadradas y detalladas, con un buen ángulo y sin sobrestauración.",,,,,,,,,,
Ford,,https://www.deysa.com/coches/usados/madrid/ford/focus/gasolina/1-0-ecoboost-mhev-114kw-active-x/1059549/,BIEN,Ramón,Santiago,OK,La foto de la parte trasera se podría mejorar.,,,,,,,,,,
Ford,,https://www.deysa.com/coches/usados/madrid/ford/focus/gasolina/1-0-ecoboost-mhev-114kw-active/1058615/,REGULAR,Lautaro,Alejandro,Not OK,"Iluminación regular, un poco saturado, ángulos inclinados, fotos desenfocadas.",,,,,,,,,,
Ford,,https://www.deysa.com/coches/usados/madrid/ford/focus/gasolina/1-0-ecoboost-mhev-114kw-st-line/1056196/,MUY BIEN,Ruben,Ramón,OK,"24 fotos, la iluminación, el encaje y los ángulos son perfectos.",,,,,,,,,,
Ford,,https://www.deysa.com/coches/usados/madrid/ford/focus/gasolina/1-0-ecoboost-mhev-114kw-st-line/1059550/,REGULAR,Lautaro,Alejandro,OK,"Iluminación normal, lente ""sucia"", fotos desenfocadas, ángulos ligeramente inclinados.",,,,,,,,,,
Ford,,https://www.deysa.com/coches/usados/madrid/ford/focus/gasolina/1-0-ecoboost-mhev-92kw-active-x/981536/,MUY BIEN,Alejandro,Lautaro,Not OK,"Fotos regulares en el interior y exterior, cantidad decente de fotos bien iluminadas pero mejor enfocadas que las anteriores,  bien encuadradas y detalladas, con un buen ángulo y sin sobrestauración.",,,,,,,,,,
Ford,,https://www.deysa.com/coches/usados/madrid/ford/focus/gasolina/1-0-ecoboost-mhev-92kw-st-line-x/1057634/,MUY BIEN,Ramón,Alejandro,OK,"Buenos ángulos y calidad, cubre todo el coche.",,,,,,,,,,
Ford,,https://www.deysa.com/coches/usados/madrid/ford/focus/gasolina/1-0-ecoboost-mhev-92kw-st-line/1004358/,REGULAR,Santiago,Ramón,OK,"Fotos bien enfocadas y buenos ángulos, iluminación mala del interior.",,,,,,,,,,
Ford,,https://www.deysa.com/coches/usados/madrid/ford/focus/gasolina/1-0-ecoboost-mhev-92kw-st-line/1033777/,MUY BIEN,Ruben,Santiago,OK,Mismo anuncio que el 126.,,,,,,,,,,
Ford,,https://www.deysa.com/coches/usados/madrid/ford/focus/gasolina/1-0-ecoboost-mhev-92kw-st-line/1037951/,MUY BIEN,Alejandro,Santiago,OK,"Fotos regulares en el interior y exterior, cantidad decente de fotos bien iluminadas pero mejor enfocadas que las anteriores,  bien encuadradas y detalladas, con un buen ángulo y sin sobrestauración los mandos del volante se ven perfectamente.",,,,,,,,,,
Ford,,https://www.deysa.com/coches/usados/madrid/ford/focus/gasolina/1-0-ecoboost-mhev-92kw-st-line/1037952/,BIEN,Ramón,Lautaro,OK,La foto de los asientos traseros es algo oscura.,,,,,,,,,,
Ford,,https://www.deysa.com/coches/usados/madrid/ford/focus/gasolina/1-0-ecoboost-mhev-92kw-st-line/1048318/,BIEN,Lautaro,Ruben,OK,"Iluminación buena, pocas fotos desenfocadas, ángulos correctos y estables.",,,,,,,,,,
Ford,,https://www.deysa.com/coches/usados/madrid/ford/focus/gasolina/1-0-ecoboost-mhev-92kw-st-line/1057635/,REGULAR,Santiago,Ruben,OK,"Fotos buenas en iluminación y ángulos, mejorable el encuadre y la exposición.",,,,,,,,,,
Ford,,https://www.deysa.com/coches/usados/madrid/ford/focus/gasolina/1-0-ecoboost-mhev-92kw-st-line/1058613/,BIEN,Ramón,Lautaro,OK,"Muchas fotos, buena elección de ángulos e iluminación.",,,,,,,,,,
Ford,,https://www.deysa.com/coches/usados/madrid/ford/focus/gasolina/active-1-0t-ecoboost-mhev-92kw-125cv/1002035/,BIEN,Ruben,Ramón,OK,"23 fotos, iluminación homogénea, ángulos correctos y enfoque detallado.",,,,,,,,,,
Ford,,https://www.deysa.com/coches/usados/madrid/ford/focus/gasolina/active-x-1-0t-ecoboost-mhev-92kw-125cv/974135/,BIEN,Alejandro,Ruben,OK,"Fotos regulares en el interior y exterior, cantidad decente de fotos bien iluminadas pero mejor enfocadas que las anteriores, bien encuadradas y detalladas, con un buen ángulo y sin sobrestauración.",,,,,,,,,,
Ford,,https://www.deysa.com/coches/usados/madrid/ford/kuga/diesel/st-line-1-5-ecoblue-88kw-120cv/758943/,MUY BIEN,Lautaro,Ruben,OK,"Buena iluminación, ángulos correctos, lente un poco ""sucio"".",,,,,,,,,,
Ford,,https://www.deysa.com/coches/usados/madrid/ford/kuga/diesel/st-line-1-5-ecoblue-88kw-120cv/758944/,BIEN,Alejandro,Ruben,Not OK,"Fotos con buena exposición de interior y exterior, un poco torcidas, y un poco mal encuadrada pero con sin sobresaturación ni mal ángulo, pero un poco mal enfocadas.",,,,,,,,,,
Ford,,https://www.deysa.com/coches/usados/madrid/ford/kuga/diesel/st-line-1-5-ecoblue-88kw-120cv/765929/,BIEN,Santiago,Ramón,OK,"Iluminación y ángulos buena, desenfoque y fallos en el color por la luz, calidad buena.",,,,,,,,,,
Ford,,https://www.deysa.com/coches/usados/madrid/ford/kuga/diesel/st-line-1-5-ecoblue-88kw-120cv/841057/,BIEN,Ramón,Santiago,OK,Buenas fotos con detalle de todo el coche.,,,,,,,,,,
Ford,,https://www.deysa.com/coches/usados/madrid/ford/kuga/diesel/st-line-1-5-ecoblue-88kw-120cv/853365/,MUY BIEN,Ruben,Alejandro,OK,"iluminación homogénea, detallado, enfoque preciso, calidad óptima.",,,,,,,,,,
Ford,,https://www.deysa.com/coches/usados/madrid/ford/kuga/diesel/st-line-1-5-ecoblue-88kw-120cv/895527/,BIEN,Lautaro,Alejandro,OK,"Fotos ligeramente desencuadradas, pocas ligeramente desenfocadas, ángulos correctos y buena iluminación.",,,,,,,,,,
Ford,,https://www.deysa.com/coches/usados/madrid/ford/kuga/gasolina/st-line-1-5-ecoboost-110kw-150cv/1015834/,BIEN,Ruben,Ramón,OK,"26 fotos, como fallo a destacar hay pocas fotos del coche desde el exterior el resto esta bien.",,,,,,,,,,
Ford,,https://www.deysa.com/coches/usados/madrid/ford/kuga/gasolina/st-line-1-5t-ecoboost-110kw-150cv/989357/,BIEN,Santiago,Ruben,OK,"Iluminación buena, bien enfocados, buena exposición. Mejorar un poco en el encuadre en interiores. Buena calidad.",,,,,,,,,,
Ford,,https://www.deysa.com/coches/usados/madrid/ford/kuga/gasolina/st-line-2-5-duratec-fhev-140kw-auto/632418/,BIEN,Ramón,Santiago,OK,"Buenas fotos, se podría mejorar la iluminación exterior.",,,,,,,,,,
Ford,,https://www.deysa.com/coches/usados/madrid/ford/kuga/gasolina/st-line-2-5-duratec-fhev-140kw-auto/839445/,BIEN,Alejandro,Ruben,OK,"Fotos regulares en el interior y exterior, muchas  fotos bien iluminadas bien enfocadas,  bien encuadradas y detalladas, con ángulos diversos y sin sobrestauración.",,,,,,,,,,
Ford,,https://www.deysa.com/coches/usados/madrid/ford/kuga/gasolina/st-line-x-1-5-ecoboost-110kw-150cv/1001429/,REGULAR,Santiago,Ramón,OK,"Enfoque, iluminación y encuadre de interior mejorable.",,,,,,,,,,
Ford,,https://www.deysa.com/coches/usados/madrid/ford/kuga/gasolina/st-line-x-1-5-ecoboost-110kw-150cv/765927/,BIEN,Ruben,Santiago,OK,"19 fotos, como fallo a destacar hay pocas fotos del coche desde el exterior el resto está bien.",,,,,,,,,,
Ford,,https://www.deysa.com/coches/usados/madrid/ford/kuga/gasolina/st-line-x-1-5t-ecoboost-110kw-150cv/1050195/,MUY BIEN,Lautaro,Ruben,OK,"Fotos de calidad, buenos ángulos y colores, iluminación bien distribuida, desenfoque muy ligero.",,,,,,,,,,
Ford,,https://www.deysa.com/coches/usados/madrid/ford/kuga/gasolina/st-line-x-1-5t-ecoboost-110kw-150cv/810420/,MUY BIEN,Ramón,Ruben,OK,"Muchas fotos, buena elección de ángulos e iluminación.",,,,,,,,,,
Ford,,https://www.deysa.com/coches/usados/madrid/ford/kuga/gasolina/st-line-x-1-5t-ecoboost-110kw-150cv/908439/,MUY BIEN,Alejandro,Ruben,OK,"Buenas fotos en el interior y exterior, muchas fotos bien iluminadas bien enfocadas, bien encuadradas y detalladas, con un buen ángulo y sin sobrestauración.",,,,,,,,,,
Ford,,https://www.deysa.com/coches/usados/madrid/ford/kuga/gasolina/st-line-x-1-5t-ecoboost-110kw-150cv/911414/,BIEN,Ruben,Ramón,OK,"25 fotos, la iluminación es algo mala en varias fotos pero el resto tiene calidad.",,,,,,,,,,
Ford,,https://www.deysa.com/coches/usados/madrid/ford/kuga/gasolina/st-line-x-2-5-duratec-fhev-auto/1005400/,BIEN,Santiago,Ruben,OK,"Buenas fotos, bien iluminado y exposición buena, mejorar en el encuadre. Buena calidad.",,,,,,,,,,
Ford,,https://www.deysa.com/coches/usados/madrid/ford/kuga/gasolina/st-line-x-2-5-duratec-fhev-auto/1005401/,BIEN,Ramón,Lautaro,OK,Buenas fotos salvo alguna con iluminación deficiente.,,,,,,,,,,
Ford,,https://www.deysa.com/coches/usados/madrid/ford/kuga/gasolina/st-line-x-2-5-duratec-fhev-auto/1011820/,MUY BIEN,Ruben,Ramón,OK,"27 fotos, todos los aspectos del coche son buenos y se puede ver por varios ángulos.",,,,,,,,,,
Ford,,https://www.deysa.com/coches/usados/madrid/ford/kuga/gasolina/st-line-x-2-5-duratec-fhev-auto/1038657/,BIEN,Lautaro,Santiago,OK,"Fotos con iluminación bien distribuida pero un poco tenue, fotos ligeramente descentradas, buenos ángulos estables y buena calidad de imagen.",,,,,,,,,,
Ford,,https://www.deysa.com/coches/usados/madrid/ford/kuga/gasolina/st-line-x-2-5-duratec-fhev-auto/1047647/,MUY BIEN,Ramón,Lautaro,Not OK,"Muchas fotos, buena elección de ángulos e iluminación.",,,,,,,,,,
Ford,,https://www.deysa.com/coches/usados/madrid/ford/kuga/gasolina/st-line-x-2-5-duratec-fhev-auto/1047650/,BIEN,Santiago,Ramón,OK,"Fotos muy buenas, se ve el interior y exterior de lo que ofrece el coche, trabajar en algunas fotos por desenfoque.",,,,,,,,,,
Ford,,https://www.deysa.com/coches/usados/madrid/ford/kuga/gasolina/st-line-x-2-5-duratec-fhev-auto/835386/,BIEN,Alejandro,Lautaro,OK,"Fotos regulares en el interior y exterior, mucha cantidad de fotos bien iluminadas y bien enfocadas, bien encuadradas y detalladas, la foto no ha sido editada y está bien encuadrado. ",,,,,,,,,,
Ford,,https://www.deysa.com/coches/usados/madrid/ford/kuga/gasolina/st-line-x-2-5-duratec-fhev-auto/840036/,BIEN,Ramón,Ruben,OK,Buenas fotos en general salvo alguna detalle que está borrosa.,,,,,,,,,,
Ford,,https://www.deysa.com/coches/usados/madrid/ford/kuga/gasolina/st-line-x-2-5-duratec-fhev-auto/840040/,BIEN,Ruben,Ramón,OK,"20 fotos, en general todo bien en el interior y en el exterior pero hay sobreexposición en dos fotos.",,,,,,,,,,
Ford,,https://www.deysa.com/coches/usados/madrid/ford/kuga/gasolina/st-line-x-2-5-duratec-fhev-auto/841059/,BIEN,Santiago,Lautaro,Not OK,"Buenas fotos, representación del interior y exterior con buenos ángulos, desenfoque en exterior y encuadre mejorable en el interior.",,,,,,,,,,
Ford,,https://www.deysa.com/coches/usados/madrid/ford/kuga/gasolina/st-line-x-2-5-duratec-fhev-auto/862952/,BIEN,Ramón,Alejandro,OK,Buenas fotos en general salvo alguna detalle que esta borrosa.,,,,,,,,,,
Ford,,https://www.deysa.com/coches/usados/madrid/ford/kuga/gasolina/st-line-x-2-5-duratec-fhev-auto/908442/,BIEN,Ruben,Santiago,OK,Son las mismas fotos que la 163.,,,,,,,,,,
Ford,,https://www.deysa.com/coches/usados/madrid/ford/kuga/gasolina/st-line-x-2-5-duratec-fhev-auto/908443/,REGULAR,Lautaro,Ruben,OK,"Iluminación tenue, ligeramente desenfocado, ángulos inclinados, buena calidad de imagen.",,,,,,,,,,
Ford,,https://www.deysa.com/coches/usados/madrid/ford/kuga/gasolina/st-line-x-2-5-duratec-fhev-auto/908444/,BIEN,Alejandro ,Ruben,OK,"Muchas fotos del interior y exterior, muchas fotos bien iluminadas pero mejor enfocadas que las anteriores, bien encuadradas y detalladas, con un buen ángulo y sin sobrestauración.",,,,,,,,,,
Ford,,https://www.deysa.com/coches/usados/madrid/ford/kuga/gasolina/st-line-x-2-5-duratec-fhev-auto/908445/,BIEN,Santiago,Alejandro,OK,"Iluminación buena, se enseña el exterior e interior con buenos angulos, mejorar encuadre de interior.",,,,,,,,,,
Ford,,https://www.deysa.com/coches/usados/madrid/ford/kuga/gasolina/titanium-1-5-ecoboost-110kw-150cv/999497/,BIEN,Ruben,Alejandro,OK,"20 fotos, las imágenes no son malas pero tampoco muy buenas el color y la iluminación son algo bajas.",,,,,,,,,,
Ford,,https://www.deysa.com/coches/usados/madrid/ford/kuga/gasolina/titanium-1-5t-ecoboost-110kw-150cv/1018452/,REGULAR,Lautaro,Ruben,Not OK,"Iluminación tenue, pocas fotos desenfocadas, buena calidad y ángulos inclinados.",,,,,,,,,,
Ford,,https://www.deysa.com/coches/usados/madrid/ford/kuga/hibrido/st-line-2-5-duratec-fhev-140kw-auto/743001/,BIEN,Ramón,Ruben,OK,Buenas fotos en general salvo alguna detalle que está borrosa y iluminación pobre en la del maletero.,,,,,,,,,,
Ford,,https://www.deysa.com/coches/usados/madrid/ford/kuga/hibrido/st-line-2-5-duratec-phev-165kw-auto/1010094/,BIEN,Santiago,Ramón,OK,"Fotos con buenos ángulos de interior y exterior, mejorar iluminación de algunas fotos de interior y su encuadre.",,,,,,,,,,
Ford,,https://www.deysa.com/coches/usados/madrid/ford/kuga/hibrido/st-line-2-5-duratec-phev-165kw-auto/691697/,BIEN,Ruben,Alejandro,OK,"20 fotos, se aprecia diversidad en los ángulos y luz homogénea aunque en alguna luz del interior se ve algo sobreexpuesta y pálida.",,,,,,,,,,
Ford,,https://www.deysa.com/coches/usados/madrid/ford/kuga/hibrido/st-line-2-5-duratec-phev-165kw-auto/691702/,MALA,Lautaro,Santiago,OK,"Mala iluminación, fotos descentradas y algunas desenfocadas, y ligeramente inclinadas.",,,,,,,,,,
Ford,,https://www.deysa.com/coches/usados/madrid/ford/kuga/hibrido/st-line-2-5-duratec-phev-178kw-auto/868511/,REGULAR,Ramón,Ruben,OK,La mayoría de las fotos estan borrosas y algunas exteriores cortan el coche.,,,,,,,,,,
Ford,,https://www.deysa.com/coches/usados/madrid/ford/kuga/hibrido/st-line-x-2-5-duratec-phev-165kw-auto/1050192/,BIEN,Lautaro,Alejandro,OK,"Iluminación correcta, apenas inclinación, ángulos correctos y fotos enfocadas.",,,,,,,,,,
Ford,,https://www.deysa.com/coches/usados/madrid/ford/kuga/hibrido/st-line-x-2-5-duratec-phev-165kw-auto/836636/,REGULAR,Santiago,Ramón,OK,Iluminación regular y encuadre mejorable en interior.,,,,,,,,,,
Ford,,https://www.deysa.com/coches/usados/madrid/ford/kuga/hibrido/st-line-x-2-5-duratec-phev-165kw-auto/967062/,BIEN,Alejandro,Ruben,OK,"Fotos mejorables en el interior y exterior, muchas fotos bien iluminadas pero mejor enfocadas que las anteriores, detalladas, con un buen ángulo pero un porco torcidas y sin sobresaturación.",,,,,,,,,,
Ford,,https://www.deysa.com/coches/usados/madrid/ford/kuga/hibrido/st-line-x-2-5-duratec-phev-165kw-auto/967064/,REGULAR,Lautaro,Alejandro,OK,"Ángulos ligeramente inclinados, fotos desenfocadas iluminación tenue y exposición mala.",,,,,,,,,,
Ford,,https://www.deysa.com/coches/usados/madrid/ford/kuga/hibrido/st-line-x-2-5-duratec-phev-165kw-auto/984319/,MUY BIEN,Ruben,Ramón,OK,"27 fotos, todas las fotos estan bien excepto una que tiene algo de sobreexposicion.",,,,,,,,,,
Ford,,https://www.deysa.com/coches/usados/madrid/ford/kuga/hibrido/st-line-x-2-5-duratec-phev-165kw-auto/998563/,REGULAR,Santiago,Lautaro,OK,"Ángulos buenos de interior y exterior, iluminación mala en algunas fotos, encuadre de interior pésimos.",,,,,,,,,,
Ford,,https://www.deysa.com/coches/usados/madrid/ford/kuga/hibrido/st-line-x-2-5-duratec-phev-165kw-auto/999495/,MUY BIEN,Ramón,Santiago,Not OK,"Buenos ángulos y calidad, cubre todo el coche.",,,,,,,,,,
Ford,,https://www.deysa.com/coches/usados/madrid/ford/kuga/hibrido/titanium-2-5-duratec-phev-165kw-auto/915740/,BIEN,Lautaro,Alejandro,OK,"Fotos ligeramente descentradas y desenfocadas, buena calidad y buenos ángulos.",,,,,,,,,,
,,https://www.deysa.com/coches/usados/madrid/ford/kuga/hibrido/vignale-2-5-duratec-phev-165kw-auto/1000647/,BIEN,Alejandro,Ruben,OK,"Fotos mejorables en el interior y exterior son decentes, muchas fotos bien iluminadas pero deberían de enfocarse más que las anteriores, detalladas, con un buen ángulo pero un porco torcidas y sin sobresaturación.",,,,,,,,,,
,,https://www.deysa.com/coches/usados/madrid/ford/mustang-mach-e/electrico/216kw-bateria-98-8kwh/788872/,BIEN,Ramón,Santiago,OK,Buenas fotos con detalle de todo el coche.,,,,,,,,,,
,,https://www.deysa.com/coches/usados/madrid/ford/puma/gasolina/1-0-ecoboost-125cv-st-line-design-mhev/1007477/,BIEN,Ruben,Ramón,OK,"La iluminación no es del todo mala pero hay algún fallo,23 fotos, los ángulos son buenos.",,,,,,,,,,
,,https://www.deysa.com/coches/usados/madrid/ford/puma/gasolina/1-0-ecoboost-125cv-st-line-mhev-auto/1011174/,MALA,Lautaro,Ramón,OK,"Mala iluminación, entorno sucio, angulos inclinados.",,,,,,,,,,
,,https://www.deysa.com/coches/usados/madrid/ford/puma/gasolina/1-0-ecoboost-125cv-st-line-mhev-auto/1025662/,REGULAR,Santiago,Alejandro,OK,"Buenos ángulos de interior y exterior, mejorar iluminación, enfoque y encuadre de interior.",,,,,,,,,,
,,https://www.deysa.com/coches/usados/madrid/ford/puma/gasolina/1-0-ecoboost-125cv-st-line-mhev-auto/1047649/,BIEN,Lautaro,Santiago,OK,"Iluminación mejorable, poca inclinación, buena calidad de imagen, foto detalle claras.",,,,,,,,,,
,,https://www.deysa.com/coches/usados/madrid/ford/puma/gasolina/1-0-ecoboost-125cv-st-line-mhev-auto/1050193/,BIEN,Ramón,Ruben,Not OK,Buenas fotos pero algunas interiores son bastante cerradas.,,,,,,,,,,
,,https://www.deysa.com/coches/usados/madrid/ford/puma/gasolina/1-0-ecoboost-125cv-st-line-mhev-auto/1056195/,REGULAR,Ruben,Ramón,OK,"24 fotos, la iluminación es mejorable, los ángulos podrían ser más rectos, la calidad es media.",,,,,,,,,,
,,https://www.deysa.com/coches/usados/madrid/ford/puma/gasolina/1-0-ecoboost-125cv-st-line-mhev-auto/1056568/,BIEN,Lautaro,Santiago,OK,"Iluminación mejorable, buenos ángulos, buena calidad de imagen, foto detalle claras.",,,,,,,,,,
,,https://www.deysa.com/coches/usados/madrid/ford/puma/gasolina/1-0-ecoboost-125cv-st-line-mhev/1004355/,BIEN,Santiago,Lautaro,OK,"Buenos ángulos, interior y exterior, iluminación muy buena. Mejorar en el encuadre de interior.",,,,,,,,,,
,,https://www.deysa.com/coches/usados/madrid/ford/puma/gasolina/1-0-ecoboost-125cv-st-line-mhev/1005402/,MUY BIEN,Ramón,Ruben,OK,"Muchas fotos, buena elección de ángulos e iluminación.",,,,,,,,,,
,,https://www.deysa.com/coches/usados/madrid/ford/puma/gasolina/1-0-ecoboost-125cv-st-line-x-mhev/1004352/,BIEN,Alejandro,Ramón,OK,"Muchas fotos bien iluminadas, buenos ángulos enfocados y encuadrados sin sobresaturación y bien detallados.",,,,,,,,,,
,,https://www.deysa.com/coches/usados/madrid/ford/puma/gasolina/1-0-ecoboost-125cv-st-line-x-mhev/1006709/,MUY BIEN,Lautaro,Alejandro,OK,"iluminación correcta, buenos ángulos, fotos de calidad y buen encuadre.",,,,,,,,,,
,,https://www.deysa.com/coches/usados/madrid/ford/puma/gasolina/1-0-ecoboost-125cv-st-line-x-mhev/1026345/,REGULAR,Ruben,Ramón,OK,"20 fotos, la iluminación es excesiva y tiene sobreexposición, enblanquece el color del coche.",,,,,,,,,,
,,https://www.deysa.com/coches/usados/madrid/ford/puma/gasolina/1-0-ecoboost-125cv-st-line-x-mhev/1050194/,BIEN,Santiago,Ruben,OK,"Buenos ángulos, se muestra interior y exterior, iluminación buena, problema con colores y encuadre mejorable.",,,,,,,,,,
,,https://www.deysa.com/coches/usados/madrid/ford/puma/gasolina/1-0-ecoboost-125cv-st-line-x-mhev/1059548/,REGULAR,Ramón,Lautaro,OK,"Las fotos exteriores están bien, pero las interiores hay movidas, borrosas y algunas con mala iluminación.",,,,,,,,,,
,,https://www.deysa.com/coches/usados/madrid/ford/puma/gasolina/1-0-ecoboost-125cv-st-line-x-mhev/1059551/,BIEN,Lautaro,Santiago,OK,"Iluminación correcta, buenos ángulos, buena calidad de imagen, foto detalle alguna desenfocada.",,,,,,,,,,
,,https://www.deysa.com/coches/usados/madrid/ford/puma/gasolina/1-0-ecoboost-125cv-st-line-x-mhev/681633/,MUY MALA,Ruben,Alejandro,OK,"14 fotos, luces muy sobreexpuestas, luz no homogénea, pocas fotos requiere más, mal enfocadas algunas, imagenes con ángulos desviados.",,,,,,,,,,
,,https://www.deysa.com/coches/usados/madrid/ford/puma/gasolina/1-0-ecoboost-125cv-titanium-design-mhev/1015833/,BIEN,Santiago,Lautaro,OK,"Fotos de buenos ángulos, interior y exterior, exposición y encuadre mejorable.",,,,,,,,,,
,,https://www.deysa.com/coches/usados/madrid/ford/puma/gasolina/1-0-ecoboost-125cv-titanium-design-mhev/1020922/,REGULAR,Lautaro,Ramón,OK,"Ángulos ligeramente inclinados, fotos desenfocadas iluminación tenue, encuadre descentrado.",,,,,,,,,,
,,https://www.deysa.com/coches/usados/madrid/ford/puma/gasolina/1-0-ecoboost-125cv-titanium-design-mhev/838480/,REGULAR,Ruben,Lautaro,OK,"21 fotos, ángulos algo inclinados, imágenes con enfoques borrosos, exceso de luz.",,,,,,,,,,
,,https://www.deysa.com/coches/usados/madrid/ford/puma/gasolina/1-0-ecoboost-125cv-titanium-mhev/1004354/,MUY BIEN,Ramón,Ruben,OK,"Buenos ángulos y calidad, cubre todo el coche.",,,,,,,,,,
,,https://www.deysa.com/coches/usados/madrid/ford/puma/gasolina/1-0-ecoboost-125cv-titanium-mhev/1053853/,REGULAR,Lautaro,Santiago,OK,"Exposición mejorable, iluminación regular, ángulos aceptables, ligero desenfoque.",,,,,,,,,,
,,https://www.deysa.com/coches/usados/madrid/ford/puma/gasolina/1-0-ecoboost-125cv-titanium-mhev/1057636/,REGULAR,Santiago,Lautaro,OK,"Iluminación en el interior, encuadre y algún ángulo mejorable.",,,,,,,,,,
,,https://www.deysa.com/coches/usados/madrid/ford/puma/gasolina/1-0-ecoboost-125cv-titanium-mhev/835384/,BIEN,Alejandro,Ramón,OK,"Muchas fotos bien iluminadas, buenos ángulos enfocados y encuadrados sin sobresaturación y bien detallados, editada para poner la pegatina ECO.",,,,,,,,,,
,,https://www.deysa.com/coches/usados/madrid/ford/puma/gasolina/1-0-ecoboost-125cv-titanium-mhev/962428/,BIEN,Ruben,Alejandro,OK,"21 fotos, iluminación buena a excepción de dos imágenes que tiene un poquito de sobreexposición.",,,,,,,,,,
,,https://www.deysa.com/coches/usados/madrid/ford/puma/gasolina/1-0-ecoboost-155cv-st-line-mhev-auto/1054926/,BIEN,Ramón,Lautaro,Not OK,Buenas fotos en general salvo alguna detalle que está borrosa.,,,,,,,,,,
,,https://www.deysa.com/coches/usados/madrid/ford/puma/gasolina/1-0-ecoboost-155cv-st-line-x-gold-mhev/1054927/,MALA,Lautaro,Ruben,OK,"Entorno sucio, iluminación irregular, ligera inclinación.",,,,,,,,,,
,,https://www.deysa.com/coches/usados/madrid/ford/puma/gasolina/1-0-ecoboost-155cv-st-line-x-mhev/770910/,REGULAR,Santiago,Alejandro,OK,"Buenos ángulos, interior y exterior, problemas en el interior con color, sobreexposición de imagen en la última foto.",,,,,,,,,,
,,https://www.deysa.com/coches/usados/madrid/ford/puma/gasolina/1-0-ecoboost-155cv-st-line-x-mhev/824927/,MALA,Lautaro,Ramón,OK,"Mala calidad de foto, inclinado, descentrado, reflejo de persona.",,,,,,,,,,
,,https://www.deysa.com/coches/usados/madrid/ford/puma/gasolina/1-0-ecoboost-155cv-st-line-x-mhev/826225/,BIEN,Alejandro,Alejandro,OK,"Cantidad decente fotos con una exposición muy buena, buenos ángulos enfocados y encuadrados sin sobresaturación y bien detallados.",,,,,,,,,,
,,https://www.deysa.com/coches/usados/madrid/ford/puma/gasolina/1-0-ecoboost-155cv-st-line-x-mhev/826226/,MUY BIEN,Ruben,Lautaro,Not OK,21 fotos. Imágenes buenas en todos los aspectos aunque quizás podría tener más luz.,,,,,,,,,,
,,https://www.deysa.com/coches/usados/madrid/ford/puma/gasolina/1-0-ecoboost-155cv-st-line-x-mhev/873260/,MUY BIEN,Ramón,Ruben,Not OK,"Buenos ángulos y calidad, cubre todo el coche.",,,,,,,,,,
,,https://www.deysa.com/coches/usados/madrid/ford/puma/hibrido/1-0-ecoboost-114kw-st-line-x-mhev/906092/,REGULAR,Lautaro,Alejandro,OK,"Iluminacion ligeramente tenue, reflejos percibibles, ligeros desenfoques.",,,,,,,,,,
,,https://www.deysa.com/coches/usados/madrid/ford/puma/hibrido/1-0-ecoboost-92kw-st-line-x-mhev/592363/,MALA,Santiago,Lautaro,OK,"Ángulos y encuadres pésimos, enfoque mejorable en varias fotos.",,,,,,,,,,
,,https://www.deysa.com/coches/usados/madrid/ford/ranger/diesel/3-0-ecoblue-e-awd-dob-cab-wildtrack-at/1007479/,BIEN,Ramón,Ruben,OK,"Buenas fotos, aunque hay alguna foto detalle que está oscura.",,,,,,,,,,
,,https://www.deysa.com/coches/usados/madrid/ford/ranger/gasolina/raptor-raptor-doble-cab-3-0-ecoboost-v6-aut-215kw-292cv/989026/,REGULAR,Ruben,Lautaro,OK,"21 fotos, ángulos desviados, sobreexposición, el encaje en varias fotos está algo de lado.",,,,,,,,,,
,,https://www.deysa.com/coches/usados/madrid/ford/s-max/diesel/2-0-tdci-panther-110kw-titanium-aut/681634/,REGULAR,Alejandro ,Alejandro,OK,"Cantidad decete de fotos con buena exposición, el coche esta recortado de foto, buenos angulares le falta un poco de enfoque.",,,,,,,,,,
,,https://www.deysa.com/coches/usados/madrid/ford/s-max/diesel/2-0-tdci-panther-110kw-titanium-aut/681635/,BIEN,Santiago,Ramón,OK,"Ángulos buenos de interior y exterior, buenos encuadres, sobreexposición de luz en dos fotos por la pantalla.",,,,,,,,,,
,,https://www.deysa.com/coches/usados/madrid/ford/s-max/diesel/2-0-tdci-panther-110kw-titanium-pow/588601/,MALA,Ruben,Alejandro,OK,"15 fotos, tiene pocas fotos se requieren más, sobreexposición, malos ángulos, muchos reflejos.",,,,,,,,,,
,,https://www.deysa.com/coches/usados/madrid/ford/tourneo-courier/gasolina/1-0-ecoboost-92kw-125cv-titanium/1008819/,BIEN,Ramón,Ruben,OK,Se podría mejorar la iluminación en general y alguna del interior está borrosa.,,,,,,,,,,
,,https://www.deysa.com/coches/usados/madrid/ford/tourneo-custom/diesel/2-0-ecoblue-125kw-l1-titanium-auto/1025660/,BIEN,Alejandro,Alejandro,OK,"Cantidad decente de fotos con una buena iluminación pero un poco mal enfocadas y mal cuadradas, sin sobresaturación y buen angular detallado.",,,,,,,,,,
,,https://www.deysa.com/coches/usados/madrid/ford/transit-courier/diesel/van-1-5-tdci-71kw-trend/804032/,REGULAR,Ruben,Ramón,OK,"17 fotos, las imágenes tienen sobreexposicion y ángulos malos.",,,,,,,,,,
,,https://www.deysa.com/coches/usados/madrid/ford/transit-custom/diesel/kombi-2-0-tdci-96kw-320-l1-trend-auto/914432/,BIEN,Ramón,Alejandro,OK,Las fotos interiores están algo oscuras.,,,,,,,,,,
,,https://www.deysa.com/coches/usados/madrid/ford/transit-custom/diesel/nueva-m1-kombi-ft320-l1-kombi-limited-2-0-ecoblue-100kw-136cv-euro-6-2/910748/,BIEN,Santiago,Ruben,OK,"Ángulos buenos de interior y exterior, encuadres mejorables, iluminación del interior mejorables.",,,,,,,,,,
,,https://www.deysa.com/coches/usados/madrid/ford/transit-custom/diesel/nueva-m1-kombi-ft320-l1-kombi-limited-2-0-ecoblue-100kw-136cv-euro-6-2/910749/,BIEN,Ramón,Alejandro,OK,Buenas fotos en general salvo alguna detalle que está borrosa.,,,,,,,,,,
,,https://www.deysa.com/coches/usados/madrid/ford/transit-custom/electrico/nueva-n1-van-ft320-l1-van-trend-bev-83kwh-64kwh-util-100kw-136cv-aut/971723/,REGULAR,Lautaro,Alejandro,Not OK,"Baja exposición, iluminación bien distribuida, pocos desenfoques, inclinación percibida, reflejo de persona.",,,,,,,,,,
,,https://www.deysa.com/coches/usados/madrid/ford/transit-custom/hibrido/nueva-n1-van-ft320-l1-van-trend-2-5-duratec-phev-171kw-232cv/995509/,BIEN,Alejandro,Ruben,OK,"Buena iluminación, con una cantidad decente de fotos detalladas, edición de fotos para poner la pegatina eco, bien encuadradas y enfocadas.",,,,,,,,,,
,,https://www.deysa.com/coches/usados/madrid/ford/transit/diesel/350-96kw-l3-trend-fwd/857887/,BIEN,Ramón,Alejandro,OK,Algunas fotos tienen una iluminación muy fuerte y otras tiene sombras muy pronunciadas.,,,,,,,,,,
,,https://www.deysa.com/coches/usados/madrid/ford/transit/electrico/350-l2-68kwh-184cv-trend-rwd-bev/719008/,MALA,Lautaro,Ruben,OK,"Iluminación irregular, entorno sucio, mala calidad de imagen, poca incliación.",,,,,,,,,,
,,https://www.deysa.com/coches/usados/madrid/ford/transit/electrico/transit-van-traccion-trasera-ft-350l2-trend-n1-bev-75kwh-198kw-269cv/591889/,REGULAR,Ruben,Ramón,OK,"15 fotos, se necesitan más imágenes, una foto con alta iluminación, ángulos torcidos.",,,,,,,,,,